Judul,Total_Revenue,Revenue_Share,Cumulative_Share,ABC_Category
THE SACRED SEARCH CU 6,516383617.75,0.04078994912454552,0.04078994912454552,A
NGBO,460857760.0,0.03640387482848648,0.077193823953032,A
EMOTIONALLY HEALTHY SPIRITUALITY,420170979.27,0.033189962421176694,0.11038378637420869,A
THE EMOTIONALLY HEALTHY LEADER (PEMIMPIN YANG SEHAT SECARA EMOSI),389451976.5,0.030763420375546368,0.14114720674975506,A
MENGHIDUPI INJIL & MENGINJILI HIDUP,368471480.51,0.02910613820271386,0.1702533449524689,A
THE EMOTIONALLY HEALTHY WOMAN,351981805.1,0.027803592967090594,0.1980569379195595,A
NOT A FAN CU 4,343382585.38,0.027124327159980102,0.22518126507953962,A
THE END OF ME,316673750.25,0.02501455452452051,0.2501958196040601,A
EVERY GOOD ENDEAVOR,246086251.9,0.019438737694639215,0.26963455729869934,A
TUJUH LANGKAH MENYUSUN KHOTBAH YANG MENGUBAH KEHIDUPAN: KHOTBAH EKSPOSITORI,210582122.0,0.016634210977385017,0.2862687682760844,A
LEADERSHIP REFORMED (REFORMASI KEPEMIMPINAN),208467758.5,0.01646719409956154,0.30273596237564593,A
MAMA BEAR APOLOGETICS (APOLOGETIKA MAMA BERUANG),195760723.0,0.015463445503068048,0.318199407878714,A
GOSPEL IN LIFE (INJIL DALAM KEHIDUPAN),192502538.0,0.01520607637705387,0.3334054842557678,A
MAKING SENSE OF GOD,190083816.2,0.015015017761371383,0.3484205020171392,A
WALKING WITH GOD THROUGH PAIN AND SUFFERING,178322902.85,0.014086004832388532,0.36250650684952773,A
GOSPEL WISDOM,177243758.0,0.014000761493877306,0.37650726834340503,A
RADICAL (MENGIKUT YESUS TAK PEDULI BERAPA PUN HARGANYA),172139083.0,0.013597535236517326,0.39010480357992233,A
JESUS AMONG SECULAR GODS (YESUS DI ANTARA ALLAH-ALLAH SEKULAR),167904199.0,0.013263015129816378,0.4033678187097387,A
DONT GIVE UP (JANGAN MENYERAH),165830268.0,0.013099192078367882,0.4164670107881066,A
PRAYER,158195820.0,0.012496135097453448,0.42896314588556006,A
HEARING GOD,144926665.0,0.011447983803006795,0.4404111296885669,A
NOT YET MARRIED,131786953.0,0.010410057413462303,0.4508211871020292,A
PREACHING,126598931.0,0.01000024744629275,0.4608214345483219,A
THE GIFT OF BEING YOURSELF,125196872.0,0.00988949661432639,0.4707109311626483,A
GODS AT WAR,124427146.4,0.009828694786025436,0.4805396259486737,A
GRACE IS GREATER,123387501.0,0.009746571570811241,0.490286197519485,A
BOUNDARIES IN DATING (BATASAN-BATASAN DALAM PACARAN),119787354.0,0.009462190331896764,0.49974838785138176,A
BUKAN SEKADAR KATA-KATA,119054287.0,0.009404284223710814,0.5091526720750926,A
WHEN TO WALK AWAY (WAKTUNYA MENYINGKIR),114821148.25,0.009069901977035364,0.518222574052128,A
LIES WOMAN BELIEVE,112558762.0,0.008891192550815247,0.5271137666029433,A
THE GOOD AND BEAUTIFUL GOD,111305691.7,0.008792210569145904,0.5359059771720892,A
XPLORE,110264254.0,0.008709945777353168,0.5446159229494424,A
BEYOND THE MIRACLES,100007775.25,0.007899770489003826,0.5525156934384462,A
I AM N (AKU ADALAH N),93379879.0,0.007376222604161452,0.5598919160426077,A
WHEN I DONT DESIRE GOD (KETIKA SAYA TIDAK MENDAMBAKAN ALLAH),90080670.0,0.007115612928262719,0.5670075289708704,A
PILAR-PILAR DOA,88924064.7,0.007024250867727676,0.574031779838598,A
KALIBRASI HATI (LIBERTY IN THE GOSPEL),88595747.0,0.006998316539411762,0.5810300963780097,A
COUNTERFEIT GODS (ALLAH-ALLAH PALSU),87103592.0,0.0068804488835764776,0.5879105452615863,A
FOLLOW ME,86395807.25,0.006824539859836677,0.5947350851214229,A
"JIKA ANDA INGIN BERJALAN DI ATAS AIR, KELUARLAH DARI PERAHU",85202988.8,0.0067303172659784125,0.6014654023874013,A
COURAGE AND CALLING,84361215.0,0.006663824237741024,0.6081292266251423,A
FRUITFULNESS ON THE FRONTLINE (BERBUAH DI GARIS DEPAN),83052898.0,0.006560478232882647,0.614689704858025,A
BECOMING LIKE JESUS (MENJADI SERUPA YESUS),79527253.0,0.0062819820234021355,0.6209716868814271,A
THE ROAD BACK TO YOU,78050227.0,0.006165309430924968,0.6271369963123521,A
LEARNING TO HOLD: BEFORE MARRIAGE,77580601.0,0.0061282129391132594,0.6332652092514653,A
WHY ARE THERE DIFFERENCES IN THE GOSPELS?,77475000.0,0.006119871351058491,0.6393850806025239,A
LITURGY OF THE ORDINARY,75763336.1,0.005984664344098167,0.645369744946622,A
THE GOOD AND BEAUTIFUL LIFE,75506458.0,0.005964373141453388,0.6513341180880754,A
THE SPIRIT OF DISCIPLINES,74275439.0,0.0058671330264394,0.6572012511145148,A
ENCOUNTERS WITH JESUS,73399267.0,0.005797922830616237,0.662999173945131,A
THE IMPERFECT DISCIPLES,72405074.0,0.005719389971524621,0.6687185639166556,A
CHERISH (MENYAYANGI),72308233.5,0.005711740389058378,0.674430304305714,A
PEMBINAAN DASAR BARU,69331391.25,0.005476594966633138,0.6799068992723472,A
KETUHANAN KRISTUS,69106239.0,0.005458809838470488,0.6853657091108176,A
#STRUGGLES (#PERGUMULAN-PERGUMULAN),68518528.0,0.005412385627930288,0.690778094738748,A
PERSPECTIVES JILID 1 & 2,67217461.0,0.005309612311904375,0.6960877070506524,A
THE PRODIGAL PROPHET (NABI YANG MELARIKAN DIRI),66980206.2,0.005290871184399746,0.7013785782350521,A
REDISCOVERING DISCIPLESHIP,66130246.5,0.00522373153912599,0.7066023097741782,A
UANG DAN PEKERJAAN,65567270.75,0.005179261204646924,0.7117815709788251,A
DIVINE DIRECTION,65011771.0,0.0051353814110935815,0.7169169523899187,A
THE EXPLICIT GOSPEL (INJIL YANG JELAS),64905933.7,0.005127021157332454,0.7220439735472511,A
LEARNING TO HOLD: AFTER MARRIAGE,64681289.0,0.005109276121337654,0.7271532496685887,A
THE GOOD AND BEAUTIFUL COMMUNITY,64405172.75,0.00508746526715325,0.7322407149357419,A
RADICAL TOGETHER,64173323.0,0.005069151092996747,0.7373098660287387,A
SUFFERING (PENDERITAAN),63963994.0,0.005052615868084895,0.7423624818968236,A
THE MINGLING OF SOUL,63535760.0,0.00501878899505296,0.7473812708918766,A
DANGEROUS CALLING,60874162.5,0.0048085452481888245,0.7521898161400654,A
BAHAN PA : MENCARI KEHENDAK TUHAN,59311817.65,0.004685133186388388,0.7568749493264538,A
THE RADICAL DISCIPLE NEW COVER,59309417.1,0.004684943563191592,0.7615598928896454,A
EVERYBODYS NORMAL TILL YOU GET TO KNOW THEM (SEMUA ORANG NORMAL SEBELUM ANDA MENGENAL MEREKA),58683106.4,0.004635470302013258,0.7661953631916587,A
PANGGILAN UNTU MENGENAL DAN MENGASIHI DUNIA (VISION OF VOCATION),58490126.1,0.004620226486469036,0.7708155896781277,A
THE SOUL OF THE SHAME,58271863.0,0.004602985543033305,0.775418575221161,A
THE GOOD AND THE BEAUTIFUL YOU (ANDA YANG BAIK DAN INDAH),57305450.82,0.004526647134337649,0.7799452223554987,A
2084,55824392.0,0.0044096559831049865,0.7843548783386036,A
EBOOK LPJ,53910480.58,0.004258473128407062,0.7886133514670107,A
THE SACRED SEARCH 2.0,52053422.0,0.004111781168407329,0.7927251326354181,A
JESUS THE KING (YESUS SANG RAJA),51644294.0,0.004079463508179954,0.7968045961435981,A
LETS GO,51247865.5,0.004048149001308149,0.8008527451449062,B
LETTERS TO THE CHURCH (SURAT KEPADA GEREJA),50678838.0,0.004003200629637101,0.8048559457745433,B
THE STORY OF REALITY,49128378.0,0.003880727370715357,0.8087366731452587,B
RELIGION AND THE SCIENCES OF ORIGINS (AGAMA DAN SAINS ASAL-USUL),48370862.75,0.003820890057046884,0.8125575632023055,B
LOVE DOES,47974163.1,0.003789554131612745,0.8163471173339183,B
THE CASE FOR GRACE (PENYELIDIKAN TENTANG KASIH KARUNIA),47751461.0,0.0037719625446284203,0.8201190798785467,B
GO MOBILIZE (AYO MOBILISASI),47381166.3,0.003742712387468319,0.8238617922660151,B
PA:IMAN,47185030.82,0.0037272193393240393,0.8275890116053392,B
BAHAN PA : ESTER,46977387.75,0.0037108172886581624,0.8312998288939973,B
CONFRONTING CHRISTIANITY (MENANTANG KEKRISTENAN),46548559.75,0.0036769434946377464,0.8349767723886351,B
"GREAT COMMISSION, GREAT COMPASSION (AMANAT AGUNG, BELAS KASIH AGUNG)",45687000.0,0.0036088875432824692,0.8385856599319176,B
THE GREAT OMISSION (PENGABAIAN AGUNG),45638893.4,0.0036050875277531132,0.8421907474596707,B
DANGEROUS PRAYERS (DOA-DOA YANG BERBAHAYA),45055499.4,0.0035590043237908103,0.8457497517834616,B
EXPOSITORY EXULTATION (SUKACITA EKSPOSITORIS),43213492.4,0.003413501311622379,0.8491632530950839,B
SPIRITUAL FORMATION,42941689.87,0.0033920312049235445,0.8525552843000075,B
ORGANIC DISCIPLESHIP,41747500.0,0.0032977002804558163,0.8558529845804633,B
UNDAUNTED,41491729.0,0.0032774965293705426,0.8591304811098339,B
PA INTEGRITAS,40586510.7,0.00320599192090815,0.8623364730307421,B
SURRENDER TO LOVE,40517228.0,0.0032005191721394635,0.8655369922028816,B
GENEROUS JUSTICE (KEADILAN YANG MURAH HATI),39779455.5,0.0031422413691533546,0.8686792335720349,B
SOUL KEEPING (MENJAGA JIWA),38521900.0,0.003042905094525203,0.8717221386665601,B
PEMBINAAN WATAK,37952599.0,0.0029979351186616475,0.8747200737852218,B
DARI PEGUNUNGAN KARMEL HINGGA LAUTAN HINDIA,36919982.0,0.0029163670877495346,0.8776364408729713,B
THE PATH BETWEEN US,36581315.0,0.002889615252049645,0.880526056125021,B
MEMPERKUAT JIWA KEPEMIMPINAN ANDA,35883534.0,0.002834496440159191,0.8833605525651802,B
HOLLYWOOD HEROES (PAHLAWAN-PAHLAWAN HOLLYWOOD),35743950.4,0.002823470513412271,0.8861840230785925,B
IMAGINE CHURCH,35155222.0,0.0027769659368557754,0.8889609890154482,B
ANALOG CHURCH (GEREJA ANALOG),33985445.02,0.0026845634247288997,0.8916455524401771,B
PRAYING THE BIBLE,33884202.0,0.002676566080326284,0.8943221185205034,B
KEBAIKAN DAN KEINDAHAN PEMURIDAN,33327759.0,0.0026326117779810494,0.8969547302984844,B
SOMETHING NEEDS TO CHANGE (SESUATU HARUS BERUBAH),32971185.7,0.0026044454956548487,0.8995591757941392,B
PA KEPEMIMPINAN KRISTEN,32880387.07,0.0025972731699439437,0.9021564489640832,B
TOKOH PEREMPUAN DALAM PERJANJIAN LAMA,32679116.75,0.0025813745127618026,0.9047378234768451,B
MEMULAI HIDUP BARU HARGA BARU,32677400.0,0.0025812389039958535,0.9073190623808409,B
HIDUP BERHASIL DALAM DUNIA YANG TOKSIK (MEMAHAMI KITAB DANIEL),32658962.4,0.002579782489152068,0.909898844869993,B
FINALLY FREE (AKHIRNYA BEBAS),32615100.0,0.002576317729614815,0.9124751625996078,B
A LIFELONG LOVE,31574000.0,0.002494079613272937,0.9149692422128808,B
SAME-SEX ATTRACTION AND THE CHURCH,31033234.0,0.0024513636616623983,0.9174206058745432,B
JESUS CHRIST DISCIPLEMAKER,29588075.0,0.002337208293326492,0.9197578141678697,B
THE EMOTIONALLY DESTRUCTIVE RELATIONSHIP,29015529.0,0.002291981989840682,0.9220497961577104,B
NOT FORSAKEN (TAK DITINGGALKAN),28677249.1,0.0022652607317748684,0.9243150568894853,B
THE RADICAL DISCIPLE - MURID YANG RADIKAL,28349420.0,0.0022393649987366843,0.926554421888222,B
UNFINISHED,27812100.0,0.002196921252052583,0.9287513431402746,B
SACRED RHYTHMS (IRAMA KUDUS),26434092.0,0.002088070246170306,0.9308394133864449,B
HOW TO FIND GOD (BAGAIMANA MENEMUKAN ALLAH),26001085.0,0.0020538663464077017,0.9328932797328526,B
FLOW (IBADAH YANG MENGALIR),24512552.6,0.0019362848454088975,0.9348295645782615,B
TRANSFORMING DISCIPLESHIP,24319400.0,0.0019210274196183527,0.9367505919978798,B
THE MAGNIFICENT STORY (CERITA YANG MENAKJUBKAN),24262848.8,0.0019165603519352553,0.938667152349815,B
SEVEN DAYS THAT DIVIDE THE WORLD,22784689.0,0.001799798198823847,0.9404669505486388,B
SANG RAJA KEKAL,22597903.87,0.0017850437494415852,0.9422519942980804,B
THE HOLE IN OUR HOLINESS,22468000.0,0.0017747824396977371,0.9440267767377781,B
UNCOVER YOHANES (MENEMUKAN),22204157.0,0.001753941068715132,0.9457807178064933,B
CRAZY BUSY,21932398.65,0.001732474451863555,0.9475131922583568,B
APAKAH ALLAH ADA?,21774833.1,0.001720028102778576,0.9492332203611354,B
TETAP SEGAR DI TENGAH RUTINITAS REVISI,21030325.0,0.0016612182442200603,0.9508944386053555,C
10 PERTANYAAN YANG HARUS DITANYAKAN (DAN DIJAWAB) OLEH SETIAP REMAJA TENTANG KEKRISTENAN,20620306.0,0.0016288302025099647,0.9525232688078654,C
NOT A FAN CU 3,19995500.0,0.0015794757999366255,0.9541027446078021,C
THE MAGNIFICENT JOURNEY (PERJALANAN YANG MENAKJUBKAN),19710030.0,0.0015569260784188887,0.9556596706862209,C
MURID RADIKAL YANG MENGUBAH DUNIA-CHRISTIAN MISSION IN THE MODERN WORLD,18298200.0,0.0014454034198894932,0.9571050741061105,C
PRIBADI YANG DIJANJIKAN,18114359.37,0.001430881561164775,0.9585359556672752,C
MAKIN BERTUMBUH MAKIN JADI BERKAT,17220510.0,0.0013602750022538401,0.9598962306695291,C
THE INSANITY OF GOD (KEGILAAN ALLAH),16358889.0,0.001292214212665323,0.9611884448821945,C
HIDUPKU BERSAMA TUHAN,15079544.0,0.0011911567513730361,0.9623796016335675,C
KATALISATOR GEREJA UNTUK BERUBAH DAN BERBUAH,14820480.94,0.0011706929553225482,0.9635502945888901,C
RENUNGAN NATAL DARI CHRISTIANITY TODAY: MASA UNTUK TAKJUB,14249306.0,0.00112557495400924,0.9646758695428993,C
PURPOSE DRIVEN LIFE,14181000.0,0.001120179356300232,0.9657960488991996,C
THE SEARCH FOR SIGNIFICANCE (PENCARIAN NILAI DIRI),14176620.0,0.0011198333732538603,0.9669158822724534,C
GOOD NEWS OF GREAT JOY (KABAR BAIK TENTANG KESUKAAN BESAR),13828139.87,0.001092306383076382,0.9680081886555297,C
HEALING IS A CHOICE,13284820.75,0.001049388756526265,0.969057577412056,C
CHOOSE THE LIFE (MEMILIH HIDUP SERUPA YESUS),12385815.0,0.0009783748870992,0.9700359522991552,C
PIPA,12264375.0,0.0009687821516765148,0.9710047344508317,C
CALLED,12169600.0,0.0009612957262838518,0.9719660301771156,C
7 MYTHS ABOUT SINGLENESS (7 MITOS TENTANG HIDUP SEBAGAI LAJANG),12062330.0,0.0009528223013102726,0.9729188524784258,C
GENERASI PENUH HASRAT,11229810.0,0.0008870602451994858,0.9738059127236253,C
KABAR BAIK UNTUK SISWA,11045200.0,0.0008724776127358664,0.9746783903363612,C
SACRED MARRIAGE,10702850.0,0.0008454348511090852,0.9755238251874703,C
THE GOSPEL COMES WITH A HOUSE KEY (INJIL DATANG MEMBAWA KUNCI RUMAH),10288472.0,0.0008127024851754431,0.9763365276726457,C
MEMULAI HIDUP BARU,8963300.0,0.00070802507752104,0.9770445527501667,C
KONSELING PRANIKAH,8895500.0,0.0007026694495429598,0.9777472221997097,C
JUST DO SOMETHING (LAKUKANLAH SESUATU),8823773.0,0.0006970036216965916,0.9784442258214062,C
TITIK TEMU II: PERGUMULAN IMAN MENAPAKI KEBAIKAN BERSAMA,8798436.0,0.0006950022124623642,0.9791392280338685,C
OUR AWESOME GOD (ALLAH KITA YANG LUAR BIASA),8387735.0,0.0006625602985062355,0.9798017883323747,C
SACRED COMPANIONS (SAHABAT KUDUS),8275520.0,0.0006536962602531341,0.9804554845926279,C
MOVEMENTS THAT CHANGE THE WORLD,7851651.2,0.0006202142011924366,0.9810756987938203,C
WIRED FOR INTIMACY (DIRANCANG UNTUK KEINTIMAN),7794169.0,0.0006156735923640944,0.9816913723861844,C
INTEGRASI TEOLOGI DAN PSIKOLOGI,7610500.0,0.0006011652909613508,0.9822925376771457,C
PA BERTUMBUH SEMAKIN DEWASA DAN BIJAKSANA,6868470.0,0.0005425511813953496,0.9828350888585411,C
KINGDOM CALLING,6639000.0,0.0005244249874111304,0.9833595138459522,C
CHRIST THE CONTROVERSIALIST,6550106.7,0.000517403166695144,0.9838769170126473,C
THE CASE,6547000.0,0.0005171577636060657,0.9843940747762534,C
MEMBENTUK KEROHANIAN ANAK MUDA,6499201.0,0.0005133820458815191,0.9849074568221349,C
KARYA ANUGERAH,5668600.0,0.00044777157458031835,0.9853552283967152,C
LEARNING TO LEARN,5425000.0,0.0004285292298095168,0.9857837576265247,C
LEARNING TO STOP,4894500.0,0.0003866242055857475,0.9861703818321105,C
SKANDAL HATI NURANI KAUM INJILI,4876770.0,0.00038522368517201057,0.9865556055172825,C
TOKOH PEREMPUAN DALAM PB,4853100.0,0.0003833539548734684,0.9869389594721559,C
JADILAH PEMIMPIN KY,4619000.0,0.0003648620299521029,0.987303821502108,C
ALKITAB TB 2,4618000.0,0.00036478303838900436,0.9876686045404971,C
BUSYNESS,4339800.0,0.00034280758553499374,0.988011412126032,C
KARAKTER HIDUP BARU,4338400.0,0.0003426969973466558,0.9883541091233787,C
THE PURPOSE DRIVEN LIFE RENUNGAN HARIAN UNTUK ANAK,4253200.0,0.0003359669161706612,0.9886900760395494,C
INTEGRITAS,4189150.0,0.00033090750655420046,0.9890209835461036,C
TAKING YOUR SOUL TO WORK,4053500.0,0.00032019230101988503,0.9893411758471234,C
LADY IN WAITING,3858500.0,0.000304788946215672,0.9896459647933391,C
PERUMPAMAAN YESUS,3707000.0,0.00029282172440624497,0.9899387865177454,C
PEMURIDAN DIGITAL,3553626.9,0.000280706543499978,0.9902194930612453,C
CULTURE MAKING - MENCIPTAKAN KEBUDAYAAN,3499500.0,0.0002764309750633003,0.9904959240363086,C
THE SACRED SEARCH (CU),3433500.0,0.00027121753189879744,0.9907671415682074,C
SACRED PARENTING,3333500.0,0.00026331837558894456,0.9910304599437963,C
MENELADAN TOKOH PL,3194500.0,0.0002523385483182491,0.9912827984921146,C
SANCTUARY OF THE SOUL -TEMPAT PERLINDUNGAN BAGI JIWA,3108590.0,0.00024555238313245454,0.9915283508752472,C
BECOMING A CONTAGIOUS CHRISTIAN (MENJADI ORANG KRISTEN YANG MENULAR),3083000.0,0.0002435309890327632,0.9917718818642799,C
YESUSISME,3080700.0,0.0002433493084376366,0.9920152311727175,C
BUKU PUJIAN PERKANTAS,2703000.0,0.0002135141950553224,0.9922287453677728,C
MENGENAL ALLAH SC PRIBADI,2684500.0,0.0002120528511379996,0.9924407982189108,C
BEKERJA TANPA KEHILANGAN VISI,2551700.0,0.00020156277155851504,0.9926423609904693,C
ARSITEK IBADAH,2530500.0,0.00019988815042082622,0.9928422491408901,C
KOTBAH DI BUKIT,2484000.0,0.00019621504273674466,0.9930384641836268,C
CINTA ROMANTIS CINTA REALISTIS,2398400.0,0.00018945336493551062,0.9932279175485623,C
YOSUA PA,2285100.0,0.00018050362083644735,0.9934084211693988,C
BANGKIT MEMANDU BANGSA,2160000.0,0.00017062177629282145,0.9935790429456915,C
KESELAMATAN MILIK ALLAH KAMI,2035650.0,0.00016079917542151942,0.9937398421211131,C
FILIPI PA,1943700.0,0.00015353590119460974,0.9938933780223077,C
PROBLEM OF CHRISTINITY LEADERSHIP,1699500.0,0.0001342461614859491,0.9940276241837936,C
PA NEHEMIA,1618750.0,0.00012786759276574292,0.9941554917765594,C
GROWING TOGETHER 2,1588100.0,0.00012544650135677302,0.9942809382779162,C
BIJAK MENJADI ORANG TUA,1548500.0,0.0001223184354580713,0.9944032567133743,C
BUAH ROH,1535700.0,0.00012130734345041013,0.9945245640568247,C
PA PENDIDIK,1490200.0,0.0001177132273294271,0.9946422772841541,C
NIV STUDY BIBLE COMPACT,1489000.0,0.00011761843745370886,0.9947598957216078,C
SIAPAKAH YESUS?,1463000.0,0.00011556465681314712,0.994875460378421,C
SIAPAKAH YANG MENCIPTAKAN DUNIA?,1391600.0,0.00010992465920791219,0.9949853850376289,C
MENGENAL ALLAH,1389750.0,0.00010977852481617991,0.9950951635624451,C
MENGAPA ADA SALIB,1363600.0,0.00010771289544115338,0.9952028764578863,C
HATIKU RUMAH KRISTUS,1344600.0,0.00010621205574228135,0.9953090885136285,C
SEPERTI APAKAH ALLAH,1339800.0,0.00010583289623940841,0.995414921409868,C
APAKAH MALAIKAT ITU NYATA,1339800.0,0.00010583289623940841,0.9955207543061074,C
DOKTER YANG MEMPERKENAN HATI TUHAN,1276200.0,0.000100809032826342,0.9956215633389338,C
MAZMUR: AKRAB DENGAN ALLAH,1266000.0,0.00010000331888273701,0.9957215666578165,C
TOTEBAG WORLD ASSEMBLY,1255845.5,9.920119905525301e-05,0.9958207678568718,C
KISAH SUAMI ISTRI DALAM PL,1249490.0,9.86991681759803e-05,0.9959194670250477,C
YAKOBUS PA,1211200.0,9.567458122493765e-05,0.9960151416062727,C
SACRED INFLUENCE,1201000.0,9.486886728133266e-05,0.9961100104735541,C
THIS CHANGES EVERTHING,1164000.0,9.194617944668711e-05,0.9962019566530007,C
TITIK TEMU 1: DALAM BAYANG-BAYANG PANDEMI: ANTARA HIDUP KOMUNAL DAN PERGULATAN MENTAL,1158734.0,9.153020987541026e-05,0.9962934868628761,C
GROWING TOGETHER,1152700.0,9.105357478367374e-05,0.9963845404376598,C
SPIRITUALITAS KRISTEN DAN APOLOGETIKA KRISTEN,1080000.0,8.531088814641073e-05,0.9964698513258062,C
ORANG ASING YANG MURAH HATI,1054000.0,8.325710750584898e-05,0.9965531084333121,C
GUMULAN HIDUP PASCAKULIAH,1046250.0,8.264492289183539e-05,0.9966357533562039,C
"AHA-KESADARAN,KEJUJURAN,TINDAKAN",1011500.0,7.989996607416152e-05,0.9967156533222781,C
SEPULUH UANG PERAK,969000.0,7.654282464247406e-05,0.9967921961469205,C
DUA ANAK LAKI-LAKI,935000.0,7.38571114971241e-05,0.9968660532584176,C
RUMAH DIATAS BATU,935000.0,7.38571114971241e-05,0.9969399103699147,C
YESUS KECIL (TELADAN BAGI ANAK-ANAK),928800.0,7.336736380591321e-05,0.9970132777337206,C
PETANI YANG KAYA,918000.0,7.251425492444911e-05,0.9970857919886451,C
DIBERKATI UNTUK MENJADI BERKAT,906600.0,7.161375110512588e-05,0.9971574057397502,C
2 TIMOTIUS PA: BERDIRI TEGUH DALAM KEBENARAN,904600.0,7.145576797892884e-05,0.9972288615077292,C
PINTU MASUK YANG KECIL,901000.0,7.117139835177413e-05,0.9973000329060809,C
MUTIARA YANG BERHARGA,884000.0,6.982854177909915e-05,0.99736986144786,C
EFESUS PA,858900.0,6.784585354532608e-05,0.9974377073014054,C
1&2 TESALONIKA,819900.0,6.476518258448347e-05,0.9975024724839898,C
PA: YEREMIA,818000.0,6.461509861459627e-05,0.9975670875826044,C
DOMBA YAG HILANG,816000.0,6.445711548839921e-05,0.9976315446980928,C
SEPERTI APAKAH SURGA,796600.0,6.292467916428777e-05,0.997694469377257,C
DANIEL PA,772500.0,6.102098249361322e-05,0.9977554903597506,C
GROWING TOGETHER 3,759000.0,5.995459639178309e-05,0.9978154449561424,C
BERTEOLOGI ABAD XXI,740000.0,5.845375669291105e-05,0.9978738987128353,C
CHRISTIAN WORLD VIEW,676000.0,5.339829665460523e-05,0.9979272970094899,C
BEJANA-BEJANA RETAK,648000.0,5.118653288784643e-05,0.9979784835423777,C
POLA HIDUP ILAHI,643300.0,5.081527254128335e-05,0.998029298814919,C
BERJUMPA DENGAN YESUS,630000.0,4.976468475207292e-05,0.998079063499671,C
PA IBU YANG PENUH SUKACITA,600600.0,4.7442332796976186e-05,0.998126505832468,C
VOUCHER 100.000,600000.0,4.739493785911707e-05,0.9981739007703271,C
KEBENARAN-KEBENARAN DASAR IMAN KRISTEN,594000.0,4.69209884805259e-05,0.9982208217588077,C
WORLDHOLINES,577100.0,4.5586031064160765e-05,0.9982664077898719,C
A MEAL WITH JESUS,567000.0,4.478821627686563e-05,0.9983111960061487,C
MEMAHAMI IMAN KRISTEN,561400.0,4.434586352351387e-05,0.9983555418696722,C
KHOTBAH DI BUKIT,533500.0,4.2141998913064924e-05,0.9983976838685853,C
MISI UMAT ALLAH,528000.0,4.170754531602302e-05,0.9984393914139014,C
MENJADI SAHABAT,505600.0,3.993813430261598e-05,0.998479329548204,C
GIFT AND GIVER,494500.0,3.9061327952222315e-05,0.9985183908761561,C
PB INTERLINIER 1-2,490000.0,3.870586591827894e-05,0.9985570967420744,C
JANGAN ADA ORANG YANG MEMEGAHKAN DIRI,473000.0,3.7363009345603956e-05,0.99859445975142,C
PETA HIDUP BARU KY,469200.0,3.7062841405829544e-05,0.9986315225928258,C
LADY IN WAITING STUDY GUIDE,466000.0,3.6810068403914255e-05,0.9986683326612298,C
PA: 1-2 RAJA-RAJA,450000.0,3.55462033943378e-05,0.9987038788646241,C
LONGING FOR GOD,448000.0,3.5388220268140744e-05,0.9987392670848922,C
BAGAIMANA KRISTEN BERPACARAN,447700.0,3.5364522799211185e-05,0.9987746316076914,C
"DIGITAL RECORDING VERITAS WEBINAR ""ARTIFICIAL INTELLIGENCE: FRIEND OR FOE",432275.0,3.414607793841638e-05,0.9988087776856298,C
KISAH PARA RASUL,410000.0,3.2386540870396666e-05,0.9988411642265002,C
HARI-HARI TERAKHIR YESUS,396500.0,3.132015476856653e-05,0.9988724843812687,C
THE MEANING OF MARRIAGE,382500.0,3.021427288518713e-05,0.9989026986541539,C
DEVOTION : SACRED MARRIAGE,370500.0,2.9266374128004788e-05,0.998931965028282,C
DEVOTION: SACRED PARENTING,369400.0,2.917948340859641e-05,0.9989611445116906,C
GAMBAR BESAR DARI ALLAH,358000.0,2.8278979589273185e-05,0.9989894234912798,C
MENGAJAR UNTUK MENGUBAH HIDUP,351000.0,2.7726038647583484e-05,0.9990171495299274,C
GO AND DO,338000.0,2.6699148327302616e-05,0.9990438486782547,C
BAHAYA IBADAH SEJATI - SEBUAH PANGGILAN MEMERANGI KETIDAKADILAN,332500.0,2.6264694730260707e-05,0.9990701133729849,C
MEMANDU BANGSA,330000.0,2.6067215822514387e-05,0.9990961805888074,C
HIDUP BERSAMA,308250.0,2.4349149325121394e-05,0.9991205297381326,C
MERAWAT KEHIDUPAN,301000.0,2.377646049265706e-05,0.9991443061986253,C
PERSPECTIVES STUDY GUIDE,300000.0,2.3697468929558534e-05,0.9991680036675549,C
NOT A FAN CU 1,300000.0,2.3697468929558534e-05,0.9991917011364845,C
PEMURIDAN YANG BERPUSATKAN INJIL,289250.0,2.284830962624935e-05,0.9992145494461108,C
MARIA HAMBA TUHAN,282900.0,2.2346713200573698e-05,0.9992368961593113,C
MENGASIHI YANG MAHAKUDUS,261000.0,2.0616797968715926e-05,0.99925751295728,C
GODS AT WAR (ENGLISH VERSION),242359.0,1.9144316240996255e-05,0.999276657273521,C
THE MAN IN THE MIRROR,240000.0,1.8957975143646825e-05,0.9992956152486646,C
SIAPAKAH ALLAH ITU,238000.0,1.879999201744977e-05,0.9993144152406821,C
GALATIA PA,235800.0,1.8626210578633006e-05,0.9993330414512608,C
COLD CASE,229500.0,1.8128563731112277e-05,0.9993511700149919,C
BALANCED HRISTIANITY,227500.0,1.7970580604915222e-05,0.9993691405955968,C
MOTIVATED,220000.0,1.737814388167626e-05,0.9993865187394785,C
SO YOU ARE GETTING MARRIED,215600.0,1.7030581004042733e-05,0.9994035493204825,C
KONKORDANSI ALKITAB,202300.0,1.5979993214832306e-05,0.9994195293136973,C
ANAKKU KARUNIA TUHAN,202100.0,1.59641949022126e-05,0.9994354935085995,C
WHY I AM A CHRISTIAN,201000.0,1.5877304182804217e-05,0.9994513708127823,C
PROFESIONAL HUKUM,194800.0,1.5387556491593343e-05,0.9994667583692739,C
PASSION & PURITY,192000.0,1.5166380114917461e-05,0.9994819247493888,C
KETIKA IMAN DIADILI,184500.0,1.4573943391678498e-05,0.9994964986927805,C
BLOCK NOTE,175000.0,1.3823523542242478e-05,0.9995103222163227,C
I ISAAC TAKE THEE REBEKAH,165000.0,1.3033607911257194e-05,0.999523355824234,C
CHRISTMAS BUNDLE LITERATUR PERKANTAS JATIM (NF-TSTR-PKLH),160000.0,1.2638650095764552e-05,0.9995359944743298,C
MENJADI GEREJA PEMBUAT MURID,159500.0,1.2599154314215287e-05,0.999548593628644,C
BACKGROUNDS OF EARLY CHRISTIANITY,156315.0,1.2347566185746474e-05,0.9995609411948297,C
CHRISTMAS BUNDLE LITERATUR PERKANTAS JATIM (LTH-ADVEN 24),155000.0,1.2243692280271909e-05,0.99957318488711,C
TAMK 2,150000.0,1.1848734464779267e-05,0.9995850336215748,C
UNFINISED,150000.0,1.1848734464779267e-05,0.9995968823560396,C
VOUCHER 75.000,150000.0,1.1848734464779267e-05,0.9996087310905044,C
TINGGAL DALAM HADIRATMU,148500.0,1.1730247120131475e-05,0.9996204613376245,C
MENJADI MAHASISWA TEOLOGI YANG BERHASIL,145800.0,1.1516969899765448e-05,0.9996319783075243,C
GEJOLAK KAWULA MUDA,142250.0,1.1236549850765671e-05,0.9996432148573751,C
MENGAPA KAU MENGAJAR?,140000.0,1.1058818833793982e-05,0.9996542736762088,C
CHRISTMAS BUNDLE LITERATUR PERKANTAS JATIM (GIG-HTFG-OAG),140000.0,1.1058818833793982e-05,0.9996653324950426,C
YOU AND ME FOREVER,140000.0,1.1058818833793982e-05,0.9996763913138764,C
DOA : PERJALANAN BERSAMA ALLAH,137500.0,1.086133992604766e-05,0.9996872526538024,C
AKU DAN SEISI RUMAHKU,135000.0,1.066386101830134e-05,0.9996979165148208,C
MENDAPATKANMU DALAM KEHILANGANKU,126000.0,9.952936950414585e-06,0.9997078694517711,C
ANDA TAK AKAN SULIT TIDUR LAGI,121500.0,9.597474916471205e-06,0.9997174669266876,C
RAISING KIDS TO LOVE JESUS,120000.0,9.478987571823413e-06,0.9997269459142595,C
MERUPA HIDUP DALAM RUPANYA,116000.0,9.1630213194293e-06,0.999736108935579,C
PANDUAN LENGKAP PEMURIDAN,114000.0,9.005038193232242e-06,0.9997451139737722,C
MESKI GENTAR TETAP TEGAR - REVISI,110200.0,8.704870253457835e-06,0.9997538188440257,C
KITAB ULANGAN,109500.0,8.649576159288864e-06,0.999762468420185,C
GROWING TOGETHER 4,108000.0,8.531088814641072e-06,0.9997709995089996,C
KIDUNG CINTA DARI HEIDELBERG,100500.0,7.938652091402108e-06,0.999778938161091,C
VOUCHER BUKU 50.000,100000.0,7.899156309852845e-06,0.9997868373174008,C
IMAGINE CHURCH INGGRIS,100000.0,7.899156309852845e-06,0.9997947364737106,C
MANTAP BERPERAN SEBAGAI ORANG TUA,99000.0,7.820164746754316e-06,0.9998025566384574,C
MANUSIA: CIPTAAN MENURUT GAMBAR ALLAH,90000.0,7.10924067886756e-06,0.9998096658791362,C
MARI MENGENAL TUHAN YESUS,89600.0,7.077644053628149e-06,0.9998167435231898,C
CERITA BERGAMBAR PL 1,89600.0,7.077644053628149e-06,0.9998238211672434,C
CERITA BERGAMBAR PL2,89600.0,7.077644053628149e-06,0.999830898811297,C
MARI MENGIKUT TUHAN EYSUS,89600.0,7.077644053628149e-06,0.9998379764553507,C
FILSAFAT DARI PERSPEKTIF KRISTIANI,88825.0,7.01642559222679e-06,0.9998449928809429,C
BERDISKUSI DARI ALKITAB DENGAN SAKSI-SAKSI YEHUWA,88000.0,6.951257552670504e-06,0.9998519441384955,C
10 PERUMPAMAAN YESUS,87000.0,6.872265989571975e-06,0.9998588164044852,C
MEMBINA PEMBIMBING KK,85500.0,6.753778644924182e-06,0.99986557018313,C
MENAPAKI HARI BERSAMA ALLAH,81000.0,6.398316610980804e-06,0.999871968499741,C
CHRISTMAS BUNDLE LITERATUR PERKANTAS JATIM (ADVEN FULL),80000.0,6.319325047882276e-06,0.9998782878247889,C
BERIBADAH SEPERTI YESUS,76500.0,6.042854577037426e-06,0.999884330679366,C
KERTAS KADO,74500.0,5.884871450840369e-06,0.9998902155508168,C
DUKAKU TEMPAT KUDUSMU,73000.0,5.7663841061925764e-06,0.999895981934923,C
TEOLOGI KREASI DAN KONSERVASI BUMI,70000.0,5.529409416896991e-06,0.9999015113443399,C
KUASA DOA ITU NYATA,68000.0,5.371426290699934e-06,0.9999068827706306,C
HAMSTER KENA BATUNYA,68000.0,5.371426290699934e-06,0.9999122541969212,C
KELINCI MENENDANG PINTU,68000.0,5.371426290699934e-06,0.9999176256232118,C
FERRET SI PENGACAU,68000.0,5.371426290699934e-06,0.9999229970495025,C
KARUNIA PENDERITAAN,67500.0,5.33193050915067e-06,0.9999283289800116,C
BAGAIMANA BERDIALOG DENGAN SAKSI-SAKSI YEHUWA,64000.0,5.055460038305821e-06,0.9999333844400499,C
DISCIPLESHIFT,58500.0,4.621006441263914e-06,0.9999380054464911,C
MENJADI MURID YESUS DI KEHIDUPAN NYATA,54000.0,4.265544407320536e-06,0.9999422709908985,C
YOUR MIND MATTERS,52500.0,4.147057062672743e-06,0.9999464180479611,C
INTEGRATING PSYCHOLOGY & CHRISTIANITY,50575.0,3.9949983037080765e-06,0.9999504130462649,C
DONT WASTE YOUR LIFE,50000.0,3.949578154926422e-06,0.9999543626244198,C
AMSAL PA,50000.0,3.949578154926422e-06,0.9999583122025748,C
SEJERNIH EMBUN PAGI,50000.0,3.949578154926422e-06,0.9999622617807298,C
RENUNGA HARIAN EDISI TAHUNAN,50000.0,3.949578154926422e-06,0.9999662113588847,C
BULUH TERKULAI,49500.0,3.910082373377158e-06,0.9999701214412581,C
SACRED PATHWAY,48000.0,3.7915950287293653e-06,0.9999739130362868,C
BERDAMAI DGN SALIB,46000.0,3.6336119025323085e-06,0.9999775466481894,C
IMAN DI SAAT KRISIS,44100.0,3.4835279326451044e-06,0.999981030176122,C
DISCIPLESHIP,40500.0,3.199158305490402e-06,0.9999842293344275,C
KISAH PARA RASUL 1,40000.0,3.159662523941138e-06,0.9999873889969515,C
KARTU UCAPAN,35000.0,2.7647047084484956e-06,0.99999015370166,C
HARGAILAH WAKTU ANDA,30000.0,2.369746892955853e-06,0.9999925234485529,C
REIMAGINING EVANGELISM - MEROMBAK CITRA PENGINJILAN,26000.0,2.0537806405617398e-06,0.9999945772291935,C
KRISTUS PASTI DATANG KEMBALI,24750.0,1.955041186688579e-06,0.9999965322703802,C
MINGGU TERAKHIR KEHIDUPAN YESUS,18900.0,1.4929405425621877e-06,0.9999980252109227,C
DEMI ALLAH DEMI INDONESIA,15000.0,1.1848734464779266e-06,0.9999992100843692,C
PEMIMPIN PUJIAN,10000.0,7.899156309852845e-07,1.0000000000000002,C
