Judul,ISBN,ISBN Dtl.,Genre
SOUL KEEPING (MENJAGA JIWA),9786021302217,9786021302217.1,
BAHAN PA : MENCARI KEHENDAK TUHAN,9786021854754,9786021854754.1,
JUST DO SOMETHING (LAKUKANLAH SESUATU),9786021854716,9786021854716.1,
MEMBENTUK KEROHANIAN ANAK MUDA,9766029670097,9766029670097.1,
UANG DAN PEKERJAAN,9786021854761,9786021854761.1,
NOT A FAN CU 3,9786021854723,9786021854723.1,
EMOTIONALLY HEALTHY SPIRITUALITY,9786021302040,9786021302040.1,
PA:IMAN,978-602-1302-31-6,978-602-1302-31-6.1,
"JIKA ANDA INGIN BERJALAN DI ATAS AIR, KELUARLAH DARI PERAHU",9786021302286,9786021302286.1,
CALLED,9786021302132,9786021302132.1,
COUNTERFEIT GODS (ALLAH-ALLAH PALSU),9786021302255,9786021302255.1,
SANCTUARY OF THE SOUL -TEMPAT PERLINDUNGAN BAGI JIWA,9786029670042,9786029670042.1,
THE GOOD AND BEAUTIFUL GOD,9786021302095,9786021302095.1,
MOVEMENTS THAT CHANGE THE WORLD,9786021302171,9786021302171.1,
PRAYER,9786021302293,9786021302293.2,
HEALING IS A CHOICE,9786021854778,9786021854778.1,
GODS AT WAR,9786021302002,9786021302002.1,
BAHAYA IBADAH SEJATI - SEBUAH PANGGILAN MEMERANGI KETIDAKADILAN,9789791338318,9789791338318.1,
CRAZY BUSY,9786021302125,9786021302125.1,
THE END OF ME,9786021302248,9786021302248.1,
I AM N (AKU ADALAH N),9786021302354,9786021302354.1,
CULTURE MAKING - MENCIPTAKAN KEBUDAYAAN,9786029670028,9786029670028.1,
EVERY GOOD ENDEAVOR,9786021302057,9786021302057.1,
JESUS CHRIST DISCIPLEMAKER,9786021302163,9786021302163.1,
SACRED RHYTHMS (IRAMA KUDUS),9786021854747,9786021854747.1,
TRANSFORMING DISCIPLESHIP,9780830523888,9780830523888.1,
BECOMING A CONTAGIOUS CHRISTIAN (MENJADI ORANG KRISTEN YANG MENULAR),9786029670080,9786029670080.1,
A LIFELONG LOVE,9786021302118,9786021302118.1,
BOUNDARIES IN DATING (BATASAN-BATASAN DALAM PACARAN),9786021302347,9786021302347.1,
THE RADICAL DISCIPLE - MURID YANG RADIKAL,9786029670011,9786029670011.1,
MEMPERKUAT JIWA KEPEMIMPINAN ANDA,9786021302156,9786021302156.1,
#STRUGGLES (#PERGUMULAN-PERGUMULAN),9786021302279,9786021302279.1,
MURID RADIKAL YANG MENGUBAH DUNIA-CHRISTIAN MISSION IN THE MODERN WORLD,9786021854730,9786021854730.1,
THE EMOTIONALLY HEALTHY LEADER (PEMIMPIN YANG SEHAT SECARA EMOSI),978-602-1302-30-9,978-602-1302-30-9.1,
SACRED COMPANIONS (SAHABAT KUDUS),9786029670066,9786029670066.1,
THE GOOD AND BEAUTIFUL COMMUNITY,9786021302101,9786021302101.1,
ORGANIC DISCIPLESHIP,9786021302194,9786021302194.1,
"GREAT COMMISSION, GREAT COMPASSION (AMANAT AGUNG, BELAS KASIH AGUNG)",9786021302330,9786021302330.1,
CHRIST THE CONTROVERSIALIST,9786021854792,9786021854792.1,
UNFINISHED,9786021302033,9786021302033.1,
THE HOLE IN OUR HOLINESS,9786021302149,9786021302149.1,
SAME-SEX ATTRACTION AND THE CHURCH,9786021302262,9786021302262.1,
WIRED FOR INTIMACY (DIRANCANG UNTUK KEINTIMAN),9786029670059,9786029670059.1,
THE GOOD AND BEAUTIFUL LIFE,9786021302095A,9786021302095A.1,
LOVE DOES,9786021302187,9786021302187.1,
RADICAL (MENGIKUT YESUS TAK PEDULI BERAPA PUN HARGANYA),9786021302323,9786021302323.1,
THE SACRED SEARCH (CU),9786021854785,9786021854785.1,
FOLLOW ME,9786021302026,9786021302026.1,
KARAKTER HIDUP BARU,9789791338943,9789791338943.1,
CHOOSE THE LIFE (MEMILIH HIDUP SERUPA YESUS),9786029670073,9786029670073.1,
THE SACRED SEARCH CU 6,9786021854785.6,9786021854785.6.1,
MENGENAL ALLAH SC PRIBADI,9786020904153,9786020904153.1,
TOKOH PEREMPUAN DALAM PB,9789791338165,9789791338165.1,
BAHAN PA : ESTER,9786021302170,9786021302170.1,
A MEAL WITH JESUS,9786020904252,9786020904252.1,
PROBLEM OF CHRISTINITY LEADERSHIP,9786020904023,9786020904023.1,
KETUHANAN KRISTUS,9789791338134A,9789791338134A.1,
MENELADAN TOKOH PL,9789791338196,9789791338196.1,
PIPA,9789791338851,9789791338851.1,
PEMBINAAN WATAK,9789791338134,9789791338134.1,
PEMBINAAN DASAR BARU,9789791338127,9789791338127.1,
MARIA HAMBA TUHAN,9789791338387C,9789791338387C.1,
XPLORE,9786021302224,9786021302224.1,
KARYA ANUGERAH,9789791338585,9789791338585.1,
GODS AT WAR,9786021302002,9786021302002.2,
LADY IN WAITING,9795422642,9795422642.1,
CINTA ROMANTIS CINTA REALISTIS,9789791338776,9789791338776.1,
MAKIN BERTUMBUH MAKIN JADI BERKAT,9786020904085A,9786020904085A.1,
MESKI GENTAR TETAP TEGAR - REVISI,9789791338257,9789791338257.1,
KITAB ULANGAN,97897913338981,97897913338981.1,
GAMBAR BESAR DARI ALLAH,9789791338974,9789791338974.1,
KOTBAH DI BUKIT,9789791338691,9789791338691.1,
MENJADI SAHABAT,9789791338899A,9789791338899A.1,
SACRED MARRIAGE,9786029254200,9786029254200.1,
GO MOBILIZE (AYO MOBILISASI),9786021302231,9786021302231.1,
AMSAL PA,9789791338387,9789791338387.1,
KERTAS KADO,LAINLAIN01,LAINLAIN01.1,
YOSUA PA,9789791338363,9789791338363.1,
DEVOTION: SACRED PARENTING,9786021854785B,9786021854785B.1,
MEMULAI HIDUP BARU,9789791071039,9789791071039.1,
YAKOBUS PA,9789791338530,9789791338530.1,
MAZMUR: AKRAB DENGAN ALLAH,9786020904108,9786020904108.1,
MENGENAL ALLAH,9789791338905,9789791338905.1,
BUAH ROH,9786020904054,9786020904054.1,
PETA HIDUP BARU KY,9789791338813,9789791338813.1,
EFESUS PA,9789791338028,9789791338028.1,
MEMAHAMI IMAN KRISTEN,9789791338622,9789791338622.1,
SEVEN DAYS THAT DIVIDE THE WORLD,978602185470919,978602185470919,
THE RADICAL DISCIPLE - MURID YANG RADIKAL,9786029670011,9786029670011.2,
FILIPI PA,9789791338899,9789791338899.1,
KABAR BAIK UNTUK SISWA,9789791338912,9789791338912.1,
YESUSISME,9789791338806,9789791338806.1,
NIV STUDY BIBLE COMPACT,9780310437390,9780310437390.1,
DANIEL PA,9789791338608,9789791338608.1,
KONSELING PRANIKAH,9789795423324,9789795423324.1,
PA PENDIDIK,9789791338646,9789791338646.1,
NOT A FAN CU 4,9786021854723.4,9786021854723.4.1,
KINGDOM CALLING,9789791338929,9789791338929.1,
THE RADICAL DISCIPLE NEW COVER,9786029670011.2,9786029670011.2.1,
MENDAPATKANMU DALAM KEHILANGANKU,9799936144,9799936144.1,
CHRISTIAN WORLD VIEW,9786020904238,9786020904238.1,
JADILAH PEMIMPIN KY,9789791338790,9789791338790.1,
GROWING TOGETHER,9789791338745,9789791338745.1,
BEKERJA TANPA KEHILANGAN VISI,9789791338509,9789791338509.1,
MEMULAI HIDUP BARU,9789791338721,9789791338721.1,
DOA : PERJALANAN BERSAMA ALLAH,978979338387A,978979338387A.1,
KESELAMATAN MILIK ALLAH KAMI,9786029670035,9786029670035.1,
DOKTER YANG MEMPERKENAN HATI TUHAN,9789791338493,9789791338493.1,
HATIKU RUMAH KRISTUS,6028139300,6028139300.1,
SKANDAL HATI NURANI KAUM INJILI,9789791338103,9789791338103.1,
MEMANDU BANGSA,9791565376,9791565376.1,
DUKAKU TEMPAT KUDUSMU,9789795422365,9789795422365.1,
DIBERKATI UNTUK MENJADI BERKAT,9789791071020,9789791071020.1,
PROFESIONAL HUKUM,9786020904160,9786020904160.1,
RENUNGA HARIAN EDISI TAHUNAN,6029254596,6029254596.1,
PA NEHEMIA,9786020904177,9786020904177.1,
POLA HIDUP ILAHI,9789791338615,9789791338615.1,
BAGAIMANA KRISTEN BERPACARAN,9789791338547,9789791338547.1,
1&2 TESALONIKA,9789791338431,9789791338431.1,
BULUH TERKULAI,LI0012343,LI0012343.1,
SACRED PARENTING,9786029254278,9786029254278.1,
GROWING TOGETHER 2,9786020904320,9786020904320.1,
DEMI ALLAH DEMI INDONESIA,9791565309,9791565309.1,
THE CASE,9789791338875,9789791338875.1,
HARI-HARI TERAKHIR YESUS,9789791338370,9789791338370.1,
GIFT AND GIVER,9766020904092,9766020904092.1,
ANDA TAK AKAN SULIT TIDUR LAGI,SPIRIT100001,SPIRIT100001.1,
KUASA DOA ITU NYATA,9786028139904,9786028139904.1,
WHY I AM A CHRISTIAN,9789795423140,9789795423140.1,
2 TIMOTIUS PA: BERDIRI TEGUH DALAM KEBENARAN,9786020904085,9786020904085.1,
BANGKIT MEMANDU BANGSA,9789791338400,9789791338400.1,
TAKING YOUR SOUL TO WORK,9789791338844,9789791338844.1,
MENJADI MURID YESUS DI KEHIDUPAN NYATA,9789791338325,9789791338325.1,
KISAH PARA RASUL,9786020904214,9786020904214.1,
INTEGRITAS,9789791338226,9789791338226.1,
REIMAGINING EVANGELISM - MEROMBAK CITRA PENGINJILAN,9786029670004,9786029670004.1,
LADY IN WAITING STUDY GUIDE,9789795423461,9789795423461.1,
BALANCED HRISTIANITY,9786020904023.1,9786020904023.1.1,
PA: YEREMIA,9789791338363.1,9789791338363.1.1,
PERUMPAMAAN YESUS,9789799991338170,9789799991338170,
MINGGU TERAKHIR KEHIDUPAN YESUS,291210029-PA,291210029-PA.1,
GALATIA PA,9978791071055,9978791071055.1,
I ISAAC TAKE THEE REBEKAH,9789795422006,9789795422006.1,
VOUCHER 75.000,VOUCHER75,VOUCHER75.1,
VOUCHER BUKU 50.000,VOUCHER50,VOUCHER50.1,
VOUCHER 100.000,VOUCHER100,VOUCHER100.1,
MENAPAKI HARI BERSAMA ALLAH,9795422162,9795422162.1,
MERUPA HIDUP DALAM RUPANYA,9795421921,9795421921.1,
SACRED INFLUENCE,9786029254266,9786029254266.1,
PASSION & PURITY,9789795423331,9789795423331.1,
NOT A FAN CU 1,9786021854723.1,9786021854723.1.1,
MENJADI GEREJA PEMBUAT MURID,9786029254587,9786029254587.1,
GEJOLAK KAWULA MUDA,9786020904016,9786020904016.1,
THE MINGLING OF SOUL,9786021302385,9786021302385.1,
THE GIFT OF BEING YOURSELF,9786021302378,9786021302378.1,
BUSYNESS,9786020904306,9786020904306.1,
JANGAN ADA ORANG YANG MEMEGAHKAN DIRI,9786020904344,9786020904344.1,
BERTEOLOGI ABAD XXI,9786020904146,9786020904146.1,
ANAKKU KARUNIA TUHAN,9786020904337,9786020904337.1,
WORLDHOLINES,9789795423485,9789795423485.1,
MERAWAT KEHIDUPAN,9786020904368,9786020904368.1,
FRUITFULNESS ON THE FRONTLINE (BERBUAH DI GARIS DEPAN),978-602-1302-40-8,978-602-1302-40-8.1,
UNCOVER YOHANES (MENEMUKAN),9786021302361,9786021302361.1,
KETIKA IMAN DIADILI,LIT000001234,LIT000001234.1,
IMAGINE CHURCH,9786021302408,9786021302408.1,
KARTU UCAPAN,LAINLAIN02,LAINLAIN02.1,
KHOTBAH DI BUKIT,9786028009737,9786028009737.1,
MISI UMAT ALLAH,9789791338592,9789791338592.1,
GO AND DO,9786020904276,9786020904276.1,
HIDUP BERSAMA,9786020904221,9786020904221.1,
GODS AT WAR (ENGLISH VERSION),9780310318842,9780310318842.1,
SACRED PATHWAY,9786029254227,9786029254227.1,
HARGAILAH WAKTU ANDA,9789791338387B,9789791338387B.1,
PEMIMPIN PUJIAN,LIT0012,LIT0012.1,
HEARING GOD,9786021302422,9786021302422.1,
BECOMING LIKE JESUS (MENJADI SERUPA YESUS),9786021302415,9786021302415.1,
SO YOU ARE GETTING MARRIED,9791734933,9791734933.1,
MANTAP BERPERAN SEBAGAI ORANG TUA,9786028139858,9786028139858.1,
KIDUNG CINTA DARI HEIDELBERG,9786020904245,9786020904245.2,
JESUS AMONG SECULAR GODS (YESUS DI ANTARA ALLAH-ALLAH SEKULAR),978-602-1302-44-6,978-602-1302-44-6.1,
MAKING SENSE OF GOD,9786021302439,9786021302439.1,
YOU AND ME FOREVER,6029254456,6029254456.1,
RADICAL TOGETHER,9786021302453,9786021302453.1,
CHERISH (MENYAYANGI),9786021302477,9786021302477.1,
COURAGE AND CALLING,9786021302460,9786021302460.1,
DEVOTION : SACRED MARRIAGE,9786029254197,9786029254197.1,
SACRED MARRIAGE,9786029254200,9786029254200.2,
MENGAJAR UNTUK MENGUBAH HIDUP,6028139319,6028139319.1,
SAME-SEX ATTRACTION AND THE CHURCH,9786021302262,9786020904221.1,
KEBENARAN-KEBENARAN DASAR IMAN KRISTEN,9789799532138,9789799532138 .1,
KETUHANAN KRISTUS,9789791338134A,9789791338134A.2,
PEMBINAAN WATAK,9789791338134,9789791338134.2,
PEMBINAAN DASAR BARU,9789791338127,9789791338127.2,
TINGGAL DALAM HADIRATMU,9789795423171,9789795423171.1,
KABAR BAIK UNTUK SISWA,9789791338912,9789791338912.2,
MEMULAI HIDUP BARU HARGA BARU,9789791338721.1,9789791338721.1.1,
TAKING YOUR SOUL TO WORK,9789791338844,9789791338844.2,
EVERY GOOD ENDEAVOR,9786021302057,9786021302057.2,
YAKOBUS PA,9789791338530,9789791338530.2,
YOSUA PA,9789791338363,9789791338363.2,
TOKOH PEREMPUAN DALAM PB,9789791338165,9789791338165.2,
POLA HIDUP ILAHI,9789791338615,9789791338615.2,
BUAH ROH,9786020904054,9786020904054.2,
GROWING TOGETHER,9789791338745,9789791338745.2,
GROWING TOGETHER 2,9786020904320,9786020904320.2,
MENELADAN TOKOH PL,9789791338196,9789791338196.2,
BIJAK MENJADI ORANG TUA,9786020904382,9786020904382.1,
REDISCOVERING DISCIPLESHIP,9786021302484,9786021302484.1,
MENGENAL ALLAH,9789791338905,9789791338905.2,
PA NEHEMIA,9786020904177,9786020904177.2,
PA: YEREMIA,9789791338363.1,9789791338363.1.2,
BAGAIMANA BERDIALOG DENGAN SAKSI-SAKSI YEHUWA,9786027788283,9786027788283.1,
BERDISKUSI DARI ALKITAB DENGAN SAKSI-SAKSI YEHUWA,9786027788305,9786027788305.1,
PROFESIONAL HUKUM,9786020904160,9786020904160.2,
YESUSISME,9789791338806,9789791338806.2,
PURPOSE DRIVEN LIFE,978-6028537599,978-6028537599.1,
KARAKTER HIDUP BARU,9789791338943,9789791338943.2,
KONKORDANSI ALKITAB,9789796872244,9789796872244.1,
PREACHING,9786021302507,9786021302507.1,
THE STORY OF REALITY,9786021302491,9786021302491.1,
WHY ARE THERE DIFFERENCES IN THE GOSPELS?,9780190264260,9780190264260.1,
A MEAL WITH JESUS,9786020904252,9786020904252.2,
BAGAIMANA KRISTEN BERPACARAN,9789791338547,9789791338547.2,
DIBERKATI UNTUK MENJADI BERKAT,9789791071020,9789791071020.2,
CHRISTIAN WORLD VIEW,9786020904238,9786020904238.2,
PETA HIDUP BARU KY,9789791338813,9789791338813.2,
MAZMUR: AKRAB DENGAN ALLAH,9786020904108,9786020904108.2,
BERDAMAI DGN SALIB,9786029701203,9786029701203.1,
KISAH PARA RASUL 1,9789791338516,9789791338516.1,
MEMBINA PEMBIMBING KK,9786028139601,9786028139601.1,
FILIPI PA,9789791338899,9789791338899.2,
KISAH PARA RASUL,9786020904214,9786020904214.2,
1&2 TESALONIKA,9789791338431,9789791338431.2,
RAISING KIDS TO LOVE JESUS,9786028139984,9786028139984.1,
GRACE IS GREATER,9786021302521,9786021302521.1,
UNDAUNTED,9786021302538,9786021302538.1,
CINTA ROMANTIS CINTA REALISTIS,9789791338776,9789791338776.2,
TAMK 2,10070815,10070815.1,
KONSELING PRANIKAH,9789795423324,9789795423324.2,
MENJADI SAHABAT,9789791338899A,9789791338899A.2,
IMAGINE CHURCH INGGRIS,9781844745661,9781844745661.1,
UNFINISED,9780529101143,9780529101143.1,
DIVINE DIRECTION,9786021302569,9786021302569.1,
SURRENDER TO LOVE,9786021302552,9786021302552.1,
THE ROAD BACK TO YOU,9786021302545,9786021302545.1,
THE SOUL OF THE SHAME,9786021302514,9786021302514.1,
KRISTUS PASTI DATANG KEMBALI,JKARTA001,JKARTA001.1,
YOUR MIND MATTERS,9789791338387D,9789791338387D.1,
KINGDOM CALLING,9789791338929,9789791338929.2,
LADY IN WAITING,9795422642,9795422642.2,
PANGGILAN UNTU MENGENAL DAN MENGASIHI DUNIA (VISION OF VOCATION),9786021302590,9786021302590.1,
THE SOUL OF THE SHAME,9786021302514,9786021302385.1,
BALANCED HRISTIANITY,9786020904023.1,9786020904023.1.2,
NGBO,12345678,12345678.1,
PA INTEGRITAS,9786021302576,9786021302576.1,
INTEGRITAS,9789791338226,9789791338226.2,
BUKU PUJIAN PERKANTAS,213442463,213442463.1,
THE RADICAL DISCIPLE NEW COVER,9786029670011.2,9786029670011.2,
THE SACRED SEARCH CU 6,9786021854785.6,9786021854785.1,
THE SOUL OF THE SHAME,9786021302514,9786021302217.1,
DONT WASTE YOUR LIFE,09876PJ,09876PJ.1,
THE EMOTIONALLY HEALTHY WOMAN,9786021302606,9786021302606.1,
GROWING TOGETHER 3,9786020904498,9786020904498.1,
PROBLEM OF CHRISTINITY LEADERSHIP,9786020904023,9786020904023.2,
THE SPIRIT OF DISCIPLINES,9786021302613,9786021302613.1,
THE GREAT OMISSION (PENGABAIAN AGUNG),9786021302583,9786021302583.1,
THIS CHANGES EVERTHING,9786020904528,9786020904528.1,
LETTERS TO THE CHURCH (SURAT KEPADA GEREJA),9786021302637,9786021302637.1,
GUMULAN HIDUP PASCAKULIAH,9786020904450,9786020904450.1,
WALKING WITH GOD THROUGH PAIN AND SUFFERING,9786021302620,9786021302620.1,
"AHA-KESADARAN,KEJUJURAN,TINDAKAN",9786027988651,9786027988651.1,
IMAN DI SAAT KRISIS,9789791338394,9789791338394.2,
LONGING FOR GOD,9789791338301,9789791338301.1,
CRAZY BUSY,9786021302125,9786021302125.2,
COLD CASE,9786027788114,9786027788114.1,
ENCOUNTERS WITH JESUS,9786021302651,9786021302651.1,
THE MAGNIFICENT STORY (CERITA YANG MENAKJUBKAN),9786021302644,9786021302644.1,
GIFT AND GIVER,9766020904092,9766020904092.2,
COUNTERFEIT GODS (ALLAH-ALLAH PALSU),9786021302255,6028139319.1,
PRAYING THE BIBLE,9786021302675,9786021302675.1,
FOLLOW ME,9786021302026,9786021302026.2,
GALATIA PA,9978791071055,9978791071055.2,
EFESUS PA,9789791338028,9789791338028.2,
MEMAHAMI IMAN KRISTEN,9789791338622,9789791338622.2,
KISAH SUAMI ISTRI DALAM PL,9786020904559,9786020904559.1,
THE SOUL OF THE SHAME,9786021302514,9786021302491.1,
THE PRODIGAL PROPHET (NABI YANG MELARIKAN DIRI),9786021302668,9786021302668.1,
DONT GIVE UP (JANGAN MENYERAH),9786021302682,9786021302682.1,
THE MEANING OF MARRIAGE,9789795423607,9789795423607.1,
DEVOTION: SACRED PARENTING,9786021854785B,9786021854785B.2,
THE PATH BETWEEN US,9786021302729,9786021302729.1,
NOT YET MARRIED,9786021302699,9786021302699.1,
LITURGY OF THE ORDINARY,9786021302743,9786021302743.1,
PA KEPEMIMPINAN KRISTEN,9786021302736,9786021302736.1,
THE GOOD AND BEAUTIFUL LIFE,9786021302095A,9786021302095.1,
THE IMPERFECT DISCIPLES,9786021302705,9786021302705.1,
GODS AT WAR,9786021302002,9766020904092.2,
MEMULAI HIDUP BARU HARGA BARU,9789791338721.1,9789791338721.1,
SACRED INFLUENCE,9786029254266,9786029254266.2,
ARSITEK IBADAH,9786020904627,9786020904627.1,
2 TIMOTIUS PA: BERDIRI TEGUH DALAM KEBENARAN,9786020904085,9786020904085.2,
GOSPEL IN LIFE (INJIL DALAM KEHIDUPAN),9786021302750,9786021302750.1,
THE EXPLICIT GOSPEL (INJIL YANG JELAS),9786021302712,9786021302712.1,
JADILAH PEMIMPIN KY,9789791338790,9789791338790.2,
SACRED MARRIAGE,9786029254200,9786029254200.3,
EMOTIONALLY HEALTHY SPIRITUALITY,9786021302040,9786021302040.2,
AKU DAN SEISI RUMAHKU,9786020904450A,9786020904450A.1,
THE SACRED SEARCH (CU),9786021854785,9786021854785.4,
DISCIPLESHIFT,9781974922369,9781974922369.1,
DISCIPLESHIP,9786025362811,9786025362811.1,
BAHAN PA : MENCARI KEHENDAK TUHAN,9786021854754,9786021854754.2,
KARUNIA PENDERITAAN,9786020904610,9786020904610.1,
KETUHANAN KRISTUS,9789791338134A,123456789.1,
MENGAPA KAU MENGAJAR?,978600904597,978600904597.1,
DONT GIVE UP (JANGAN MENYERAH),9786021302682,09876PJ.1,
KONSELING PRANIKAH,9789795423324,9789795423324.3,
SPIRITUALITAS KRISTEN DAN APOLOGETIKA KRISTEN,9786027788429,9786027788429.1,
BLOCK NOTE,15011997,15011997.1,
NOT A FAN CU 4,9786021854723.4,9786021854723.4.2,
THE END OF ME,9786021302248,9786021302248.2,
FILSAFAT DARI PERSPEKTIF KRISTIANI,9876543210,9876543210.1,
BACKGROUNDS OF EARLY CHRISTIANITY,9780802822215,9780802822215.1,
INTEGRATING PSYCHOLOGY & CHRISTIANITY,1234567890,1234567890.1,
DANGEROUS CALLING,9786021302767,9786021302767.1,
DOKTER YANG MEMPERKENAN HATI TUHAN,9789791338493,9789791338493.2,
GENERASI PENUH HASRAT,9786020904719,9786020904719.1,
THE SACRED SEARCH CU 6,9786021854785.6,9786021854785.2,
EXPOSITORY EXULTATION (SUKACITA EKSPOSITORIS),9786021302804,9786021302804.1,
WHEN I DONT DESIRE GOD (KETIKA SAYA TIDAK MENDAMBAKAN ALLAH),9786021302781,9786021302781.1,
KETIKA IMAN DIADILI,LIT000001234,LIT000001234.2,
GODS AT WAR,9786021302002,978-602-1302-44-6.1,
MENGASIHI YANG MAHAKUDUS,9786020904511,9786020904511.1,
CORONAVIRUS AND CHRIST (KRISTUS DAN VIRUS CORONA),9786021302873,9786021302873.1,
SUFFERING (PENDERITAAN),9786021302798,9786021302798.1,
YOSUA PA,9789791338363,9789791338363.3,
WHERE IS GOD IN A CORONAVIRUS WORLD?,9786021302880,9786021302880.1,
WHERE IS GOD IN A CORONAVIRUS WORLD?,9786021302880,9780190264260.1,
SACRED PARENTING,9786029254278,9786029254278.2,
PEMURIDAN YANG BERPUSATKAN INJIL,9786020904469,9786020904469.2,
LOVE DOES,9786021302187,9786021302118.1,
PA KEPEMIMPINAN KRISTEN,9786021302736,9786021302156.1,
COUNTERFEIT GODS (ALLAH-ALLAH PALSU),9786021302255,9786021302651.1,
SUFFERING (PENDERITAAN),9786021302798,9786021302620.1,
KISAH SUAMI ISTRI DALAM PL,9786020904559,9786020904214.1,
BERJUMPA DENGAN YESUS,2356789,2356789.1,
MENELADAN TOKOH PL,9789791338196,9789791338653.1,
KISAH SUAMI ISTRI DALAM PL,9786020904559,9786020904214.2,
I AM N (AKU ADALAH N),9786021302354,9786021302354.2,
PANDUAN LENGKAP PEMURIDAN,602925435-9,602925435-9.1,
"JIKA ANDA INGIN BERJALAN DI ATAS AIR, KELUARLAH DARI PERAHU",9786021302286,9786020904023.1.2,
RADICAL TOGETHER,9786021302453,9786021302323.1,
THE SACRED SEARCH CU 6,9786021854785.6,9786021854785.6.2,
LIES WOMAN BELIEVE,9786021302774,9786021302774.1,
PA INTEGRITAS,9786021302576,9786021302576X,
BAHAN PA : ESTER,9786021302170,9786021302170X,
PA:IMAN,978-602-1302-31-6,978-602-1302-31-6X,
UANG DAN PEKERJAAN,9786021854761,9786021854761X,
WHEN I DONT DESIRE GOD (KETIKA SAYA TIDAK MENDAMBAKAN ALLAH),9786021302781,9786021302781X,
SEVEN DAYS THAT DIVIDE THE WORLD,978602185470919,978602185470919X,
THE RADICAL DISCIPLE NEW COVER,9786029670011.2,9786029670011.2X,
SUFFERING (PENDERITAAN),9786021302798,9786021302798X,
PRAYING THE BIBLE,9786021302675,9786021302675X,
GRACE IS GREATER,9786021302521,9786021302521X,
THE IMPERFECT DISCIPLES,9786021302705,9786021302705X,
THE END OF ME,9786021302248,9786021302248X,
LIES WOMAN BELIEVE,9786021302774,9786021302774X,
XPLORE,9786021302224,9786021302224X,
DONT GIVE UP (JANGAN MENYERAH),9786021302682,9786021302682X,
THE PRODIGAL PROPHET (NABI YANG MELARIKAN DIRI),9786021302668,9786021302668X,
NOT YET MARRIED,9786021302699,9786021302699X,
MAKIN BERTUMBUH MAKIN JADI BERKAT,9786020904085A,9786020904085AX,
PEMBINAAN DASAR BARU,9789791338127,9789791338127X,
GOSPEL IN LIFE (INJIL DALAM KEHIDUPAN),9786021302750,9786021302750X,
REDISCOVERING DISCIPLESHIP,9786021302484,9786021302484X,
RADICAL (MENGIKUT YESUS TAK PEDULI BERAPA PUN HARGANYA),9786021302323,9786021302323X,
EXPOSITORY EXULTATION (SUKACITA EKSPOSITORIS),9786021302804,9786021302804X,
EMOTIONALLY HEALTHY SPIRITUALITY,9786021302040,9786021302040X,
LITURGY OF THE ORDINARY,9786021302743,9786021302743X,
EVERY GOOD ENDEAVOR,9786021302057,9786021302057X,
THE EMOTIONALLY HEALTHY LEADER (PEMIMPIN YANG SEHAT SECARA EMOSI),978-602-1302-30-9,978-602-1302-30-9X,
BAHAN PA : MENCARI KEHENDAK TUHAN,9786021854754,9786021854754X,
GODS AT WAR,9786021302002,9786021302002X,
THE EMOTIONALLY HEALTHY WOMAN,9786021302606,9786021302606X,
MAKING SENSE OF GOD,9786021302439,9786021302439X,
JESUS AMONG SECULAR GODS (YESUS DI ANTARA ALLAH-ALLAH SEKULAR),978-602-1302-44-6,978-602-1302-44-6X,
THE PATH BETWEEN US,9786021302729,9786021302729X,
BECOMING LIKE JESUS (MENJADI SERUPA YESUS),9786021302415,9786021302415X,
EVERY GOOD ENDEAVOR,9786021302057,9786020904528.1,
THE SACRED SEARCH CU 6,9786021854785.6,9786021854747.1,
PB INTERLINIER 1-2,979-463-654-1,979-463-654-1.1,
THE MAN IN THE MIRROR,9786025362866,9786025362866.1,
I AM N (AKU ADALAH N),9786021302354,978-602-1302-44-6.1,
2084,9786021301958,9786021301958.1,
PERSPECTIVES JILID 1 & 2,PERSPECTIVES12,PERSPECTIVES12.1,
INTEGRASI TEOLOGI DAN PSIKOLOGI,12345678901,12345678901.1,
"AHA-KESADARAN,KEJUJURAN,TINDAKAN",9786027988651,9786021854754.2,
THE CASE FOR GRACE (PENYELIDIKAN TENTANG KASIH KARUNIA),9786021302897,9786021302897.1,
GOSPEL IN LIFE (INJIL DALAM KEHIDUPAN),9786021302750,9786021302712.1,
THE ROAD BACK TO YOU,9786021302545,9786021302545,
THE END OF ME,9786021302248,9786021302248,
TOKOH PEREMPUAN DALAM PERJANJIAN LAMA,9786021302811,9786021302811.1,
"DIGITAL RECORDING VERITAS WEBINAR ""ARTIFICIAL INTELLIGENCE: FRIEND OR FOE",123456789011,123456789011.1,
BERIBADAH SEPERTI YESUS,LITANAS00001,LITANAS00001.1,
RELIGION AND THE SCIENCES OF ORIGINS (AGAMA DAN SAINS ASAL-USUL),9786021302910,9786021302910.1,
LEADERSHIP REFORMED (REFORMASI KEPEMIMPINAN),9786021302965,9786021302965.1,
MENJADI MAHASISWA TEOLOGI YANG BERHASIL,9789793080512,9789793080512.1,
SEPERTI APAKAH SURGA,9786021006085,9786021006085.1,
MENGAPA ADA SALIB,9786028009928,9786028009928.1,
APAKAH MALAIKAT ITU NYATA,9786021006078,9786021006078.1,
SEPERTI APAKAH ALLAH,9786021006160,9786021006160.1,
SIAPAKAH YESUS?,9786021006153,9786021006153.1,
SIAPAKAH YANG MENCIPTAKAN DUNIA?,9786021006146,9786021006146.1,
EMOTIONALLY HEALTHY SPIRITUALITY,9786021302040,978-602-1302-30-9.1,
HEALING IS A CHOICE,9786021854778,9786021854778.2,
THE MAGNIFICENT JOURNEY (PERJALANAN YANG MENAKJUBKAN),9786021302859,9786021302859.1,
GROWING TOGETHER 4,9786020904733,9786020904733.1,
THE GOOD AND BEAUTIFUL COMMUNITY,9786021302101,9786021302101.2,
THE GOOD AND BEAUTIFUL GOD,9786021302095,9786021302095.2,
PEMBINAAN DASAR BARU,9789791338127,9789791338127.3,
MUTIARA YANG BERHARGA,9786021006245,9786021006245.1,
DOMBA YAG HILANG,9786021006191,9786021006191.1,
ORANG ASING YANG MURAH HATI,9786021006238,9786021006238.1,
DUA ANAK LAKI-LAKI,9786021006184,9786021006184.1,
RUMAH DIATAS BATU,9786021006221,9786021006221.1,
PINTU MASUK YANG KECIL,9786021006214,9786021006214.1,
SEPULUH UANG PERAK,9786021006252,9786021006252.1,
PETANI YANG KAYA,9786021006207,9786021006207.1,
SACRED MARRIAGE,9786029254200,9786029254200.4,
WHEN TO WALK AWAY (WAKTUNYA MENYINGKIR),9786021302903,9786021302903.1,
GODS AT WAR,9786021302002,9786021302002.3,
PEMURIDAN DIGITAL,9876021302972,9876021302972.1,
MAKIN BERTUMBUH MAKIN JADI BERKAT,9786020904085A,9786020904085A.2,
SEJERNIH EMBUN PAGI,9786020904726,9786020904726.1,
WHEN TO WALK AWAY (WAKTUNYA MENYINGKIR),9786021302903,9786021302781.1,
SACRED COMPANIONS (SAHABAT KUDUS),9786029670066,9786029670066.2,
DANGEROUS PRAYERS (DOA-DOA YANG BERBAHAYA),9786021302927,9786021302927.1,
MEMULAI HIDUP BARU HARGA BARU,9789791338721.1,9789791338721.1.2,
CONFRONTING CHRISTIANITY (MENANTANG KEKRISTENAN),9786021302866,9786021302866.1,
THE GOOD AND BEAUTIFUL LIFE,9786021302095A,9786021302095A.2,
YESUSISME,9789791338806,9789791338806.3,
PERSPECTIVES STUDY GUIDE,PERSPECTIVESSG,PERSPECTIVESSG.1,
PILAR-PILAR DOA,9786236453018,9786236453018.1,
HIDUPKU BERSAMA TUHAN,9786236453001,9786236453001.1,
KETUHANAN KRISTUS,9789791338134A,9789791338134A.3,
PEMBINAAN WATAK,9789791338134,9789791338134.3,
KARYA ANUGERAH,9789791338585,9789791338585.2,
KABAR BAIK UNTUK SISWA,9789791338912,9789791338912.3,
NOT FORSAKEN (TAK DITINGGALKAN),9786021302835,9786021302835.1,
KELINCI MENENDANG PINTU,9799143756,9799143756.1,
HAMSTER KENA BATUNYA,9799143748,9799143748.1,
FERRET SI PENGACAU,9799143721,9799143721.1,
GOOD NEWS OF GREAT JOY (KABAR BAIK TENTANG KESUKAAN BESAR),9786021302989,9786021302989.1,
GENEROUS JUSTICE (KEADILAN YANG MURAH HATI),9786021302996,9786021302996.1,
TITIK TEMU 1: DALAM BAYANG-BAYANG PANDEMI: ANTARA HIDUP KOMUNAL DAN PERGULATAN MENTAL,9786236453056,9786236453056.1,
MENGHIDUPI INJIL & MENGINJILI HIDUP,9786236453063,9786236453063.1,
NOT FORSAKEN (TAK DITINGGALKAN),9786021302835,9786021302699.1,
FLOW (IBADAH YANG MENGALIR),9786021302972,9786021302972.1,
TEOLOGI KREASI DAN KONSERVASI BUMI,9786020904573,9786020904573.1,
KITAB ULANGAN,97897913338981,97897913338981.2,
MENGHIDUPI INJIL & MENGINJILI HIDUP,9786236453063,9786236453063.11,
BUKU PUJIAN PERKANTAS,213442463,213442463.2,
BEYOND THE MIRACLES,9786236453070,9786236453070.1,
FRUITFULNESS ON THE FRONTLINE (BERBUAH DI GARIS DEPAN),978-602-1302-40-8,978-602-1302-40-8.2,
THE GOOD AND BEAUTIFUL COMMUNITY,9786021302101,9786021302095A.2,
EVERYBODYS NORMAL TILL YOU GET TO KNOW THEM (SEMUA ORANG NORMAL SEBELUM ANDA MENGENAL MEREKA),9786236453025,9786236453025.1,
GODS AT WAR,9786021302002,9780310318842.1,
10 PERUMPAMAAN YESUS,9786022311492,9786022311492.1,
SIAPAKAH ALLAH ITU,9786235801001,9786235801001.1,
TUJUH LANGKAH MENYUSUN KHOTBAH YANG MENGUBAH KEHIDUPAN: KHOTBAH EKSPOSITORI,9786236453087,9786236453087.1,
SANCTUARY OF THE SOUL -TEMPAT PERLINDUNGAN BAGI JIWA,9786029670042,9786029670042.2,
MAMA BEAR APOLOGETICS (APOLOGETIKA MAMA BERUANG),9786236453049,9786236453049.1,
EBOOK LPJ,12345678909,12345678909.1,
KIDUNG CINTA DARI HEIDELBERG,9786020904245,9786020904245.3,
SOMETHING NEEDS TO CHANGE (SESUATU HARUS BERUBAH),9786021302828,9786021302828.1,
DARI PEGUNUNGAN KARMEL HINGGA LAUTAN HINDIA,9786236453094,9786236453094.1,
GEJOLAK KAWULA MUDA,9786020904016,9786020904016.2,
HIDUP BERHASIL DALAM DUNIA YANG TOKSIK (MEMAHAMI KITAB DANIEL),9786236453100,9786236453100.1,
YESUS KECIL (TELADAN BAGI ANAK-ANAK),9786022316220,9786022316220.1,
FINALLY FREE (AKHIRNYA BEBAS),9786021302842,9786021302842.1,
PERSPECTIVES STUDY GUIDE,PERSPECTIVESSG,PERSPECTIVESSG.11,
ANALOG CHURCH (GEREJA ANALOG),9786236453124,9786236453124.1,
JESUS THE KING (YESUS SANG RAJA),9786236453117,9786236453117.1,
TOTEBAG WORLD ASSEMBLY,10000000001,10000000001.1,
APAKAH ALLAH ADA?,9786236453131,9786236453131.1,
APAKAH ALLAH ADA?,9786236453131,9786235801001.1,
JUST DO SOMETHING (LAKUKANLAH SESUATU),9786021854716,9786021854716.2,
PRIBADI YANG DIJANJIKAN,11112022,11112022.1,
HOLLYWOOD HEROES (PAHLAWAN-PAHLAWAN HOLLYWOOD),9786236453148,9786236453148.1,
BUKAN SEKADAR KATA-KATA,9786236453162,9786236453162.1,
HIDUP BERHASIL DALAM DUNIA YANG TOKSIK (MEMAHAMI KITAB DANIEL),9786236453100,9786020904221.1,
THE MINGLING OF SOUL,9786021302385,9786021302385,
NOT A FAN CU 3,9786021854723,9786021854723.4.1,
THE GIFT OF BEING YOURSELF,9786021302378,9786021302378,
DIVINE DIRECTION,9786021302569,9786021302569,
PRAYER,9786021302293,9786021302293,
SURRENDER TO LOVE,9786021302552,9786021302552,
HEARING GOD,9786021302422,9786021302422,
EVERY GOOD ENDEAVOR,9786021302057,9786021302057,
MOTIVATED,12345678902,12345678902.1,
ALKITAB TB 2,9789794631836,9789794631836.1,
MARI MENGENAL TUHAN YESUS,9786028009706,9786028009706.1,
CERITA BERGAMBAR PL2,9789799143914,9789799143914.1,
CERITA BERGAMBAR PL 1,9789799143907,9789799143907.1,
MARI MENGIKUT TUHAN EYSUS,9789799143525,9789799143525.1,
CHOOSE THE LIFE (MEMILIH HIDUP SERUPA YESUS),9786029670073,9786029670073.2,
LITURGY OF THE ORDINARY,9786021302743,9786021302743.2,
LETS GO,9786236453179,9786236453179.1,
PA: 1-2 RAJA-RAJA,9786235801117,9786235801117.1,
KATALISATOR GEREJA UNTUK BERUBAH DAN BERBUAH,9786236453209,9786236453209.1,
TITIK TEMU II: PERGUMULAN IMAN MENAPAKI KEBAIKAN BERSAMA,9786236453155,9786236453155.1,
GOSPEL IN LIFE (INJIL DALAM KEHIDUPAN),9786021302750,9786021302750.3,
THE GOSPEL COMES WITH A HOUSE KEY (INJIL DATANG MEMBAWA KUNCI RUMAH),9786236453285,9786236453285.1,
TRANSFORMING DISCIPLESHIP,9780830523888,9780830523888.2,
KEBAIKAN DAN KEINDAHAN PEMURIDAN,9786236453186,9786236453186.1,
CHRIST THE CONTROVERSIALIST,9786021854792,9786021854792.2,
EVERY GOOD ENDEAVOR,9786021302057,9786021302057.3,
THE ROAD BACK TO YOU,9786021302545,9786021302545.2,
DONT GIVE UP (JANGAN MENYERAH),9786021302682,9786021302682.2,
THE GIFT OF BEING YOURSELF,9786021302378,9786021302378.2,
THE IMPERFECT DISCIPLES,9786021302705,9786021302705.2,
IMAGINE CHURCH,9786021302408,9786021302408.2,
UNDAUNTED,9786021302538,9786021302347.1,
WHEN TO WALK AWAY (WAKTUNYA MENYINGKIR),9786021302903,9786021302903.2,
BECOMING LIKE JESUS (MENJADI SERUPA YESUS),9786021302415,9786021302415.2,
CHOOSE THE LIFE (MEMILIH HIDUP SERUPA YESUS),9786029670073,9786029670073.3,
#STRUGGLES (#PERGUMULAN-PERGUMULAN),9786021302279,9786021302279.2,
MEMBENTUK KEROHANIAN ANAK MUDA,9766029670097,9766029670097.2,
SACRED RHYTHMS (IRAMA KUDUS),9786021854747,9786021854747.2,
WHEN I DONT DESIRE GOD (KETIKA SAYA TIDAK MENDAMBAKAN ALLAH),9786021302781,9786021302781.2,
ENCOUNTERS WITH JESUS,9786021302651,9786021302651.2,
COURAGE AND CALLING,9786021302460,9786021302460.2,
SOUL KEEPING (MENJAGA JIWA),9786021302217,9786021302217.2,
RADICAL (MENGIKUT YESUS TAK PEDULI BERAPA PUN HARGANYA),9786021302323,9786021302323.2,
LIES WOMAN BELIEVE,9786021302774,9786021302774.2,
DIVINE DIRECTION,9786021302569,9786021302569.2,
BEKERJA TANPA KEHILANGAN VISI,9789791338509,9789791338509.2,
COUNTERFEIT GODS (ALLAH-ALLAH PALSU),9786021302255,9786021302255.2,
THE GOOD AND THE BEAUTIFUL YOU (ANDA YANG BAIK DAN INDAH),9786236453193,9786236453193.1,
LEARNING TO LEARN,9786027367357,9786027367357.1,
GOSPEL WISDOM,9786236453223,9786236453223.1,
SPIRITUAL FORMATION,9786236453216,9786236453216.1,
SANG RAJA KEKAL,214356675,214356675.1,
LEARNING TO STOP,9786027367340,9786027367340.1,
UANG DAN PEKERJAAN,9786021854761,9786021302811.1,
SPIRITUAL FORMATION,9786236453216,9786027788429.1,
MANUSIA: CIPTAAN MENURUT GAMBAR ALLAH,10400071P,10400071P.1,
SANG RAJA KEKAL,214356675,213442463.2,
THE GOOD AND BEAUTIFUL GOD,9786021302095,9786021302002.3,
CHERISH (MENYAYANGI),9786021302477,9786021302477.2,
BAHAN PA : ESTER,9786021302170,9786021302170.2,
SEVEN DAYS THAT DIVIDE THE WORLD,978602185470919,97868.502185470919.1,
THE INSANITY OF GOD (KEGILAAN ALLAH),9786021302934,9786021302934.1,
THE SACRED SEARCH 2.0,9786236453254,9786236453254.1,
THE PURPOSE DRIVEN LIFE RENUNGAN HARIAN UNTUK ANAK,9786023270644,9786023270644.1,
UANG DAN PEKERJAAN,9786021854761,9786021854761.2,
PA:IMAN,978-602-1302-31-6,978-602-1302-31-6.2,
THE EMOTIONALLY DESTRUCTIVE RELATIONSHIP,9786236453247,9786236453247.1,
BAHAN PA : MENCARI KEHENDAK TUHAN,9786021854754,9786021854754.3,
BEJANA-BEJANA RETAK,1123456,1123456.1,
THE GOOD AND BEAUTIFUL GOD,9786021302095,9786021302095.3,
HOW TO FIND GOD (BAGAIMANA MENEMUKAN ALLAH),9786236453278,9786236453278.1,
SACRED COMPANIONS (SAHABAT KUDUS),9786029670066,9786029670066.3,
THE GOOD AND BEAUTIFUL COMMUNITY,9786021302101,9786021302101.3,
THE GOOD AND BEAUTIFUL LIFE,9786021302095A,9786021302095A.3,
PRAYER,9786021302293,9786021302293.3,
WHEN TO WALK AWAY (WAKTUNYA MENYINGKIR),9786021302903,9786021302903.3,
COURAGE AND CALLING,9786021302460,9786021302460.3,
CRAZY BUSY,9786021302125,9786021302125.3,
LIES WOMAN BELIEVE,9786021302774,9786021302774.3,
JESUS CHRIST DISCIPLEMAKER,9786021302163,9786021302163.3,
WIRED FOR INTIMACY (DIRANCANG UNTUK KEINTIMAN),9786029670059,9786029670059.2,
THE PRODIGAL PROPHET (NABI YANG MELARIKAN DIRI),9786021302668,9786021302668.2,
7 MYTHS ABOUT SINGLENESS (7 MITOS TENTANG HIDUP SEBAGAI LAJANG),9786236453230,9786236453230.1,
JUST DO SOMETHING (LAKUKANLAH SESUATU),9786021854716,9786021854716.3,
10 PERTANYAAN YANG HARUS DITANYAKAN (DAN DIJAWAB) OLEH SETIAP REMAJA TENTANG KEKRISTENAN,9786236453261,9786236453261.1,
EMOTIONALLY HEALTHY SPIRITUALITY,9786021302040,9786021302040.3,
PA BERTUMBUH SEMAKIN DEWASA DAN BIJAKSANA,9786236453308,9786236453308.1,
PRAYING THE BIBLE,9786021302675,9786021302675.2,
TETAP SEGAR DI TENGAH RUTINITAS REVISI,9786236453339,9786236453339.1,
OUR AWESOME GOD (ALLAH KITA YANG LUAR BIASA),9786236453360,9786236453360.1,
MAKIN BERTUMBUH MAKIN JADI BERKAT,9786020904085A,9786020904085A.3,
THE SEARCH FOR SIGNIFICANCE (PENCARIAN NILAI DIRI),9786236453353,9786236453353.1,
GRACE IS GREATER,9786021302521,9786021302521.2,
PERSPECTIVES JILID 1 & 2,PERSPECTIVES12,PERSPECTIVES12.2,
LEARNING TO HOLD: AFTER MARRIAGE,9786236453346,9786236453346.1,
LEARNING TO HOLD: BEFORE MARRIAGE,9786236453315,9786236453315.1,
RENUNGAN NATAL DARI CHRISTIANITY TODAY: MASA UNTUK TAKJUB,202411000001,202411000001.1,
KALIBRASI HATI (LIBERTY IN THE GOSPEL),9786236453384,9786236453384.1,
CHRISTMAS BUNDLE LITERATUR PERKANTAS JATIM (GIG-HTFG-OAG),21234567,21234567.1,
CHRISTMAS BUNDLE LITERATUR PERKANTAS JATIM (ADVEN FULL),11234567,11234567.1,
CHRISTMAS BUNDLE LITERATUR PERKANTAS JATIM (LTH-ADVEN 24),41234567,41234567.1,
CHRISTMAS BUNDLE LITERATUR PERKANTAS JATIM (NF-TSTR-PKLH),31234567,31234567.1,
PA IBU YANG PENUH SUKACITA,9786236453391,9786236453391.1,
