No.,Tgl. Trans.,No. Trans.,Syarat Bayar.,Tgl. Jatuh Tempo,Customer,Total (Rp),PPN (Rp),Biaya Kirim (Rp),Grand Total (Rp),No. SO,No. Konsinyasi,ISBN,ISBN Dtl.,Judul,Satuan,Jml,Harga (Rp),Total Disc (%),Total Disc (Rp),Subtotal (Rp),Catatan,Ekspedisi,No. Resi,Tgl. Kirim
250,3/8/2017,J.01.1703.0021,CASH,3/8/2017,YUGIMAS,0,0,0,0,,,9.78979E+12,9.78979E+12,KABAR BAIK UNTUK SISWA,EX,1,14000,100,14000,0,DIBAWA KE WAMENA PERSEMBAHAN LITERATUR,,,
274,3/13/2017,J.01.1703.0045,CASH,3/13/2017,ARIE SAPTAJI,0,0,0,0,,,9.78602E+12,9.78602E+12,"JIKA ANDA INGIN BERJALAN DI ATAS AIR, KELUARLAH DARI PERAHU",EX,1,60000,100,60000,0,,,,
1176,9/15/2017,J.01.1709.0118,CASH,9/15/2017,STAF MAHASISWA SURABAYA,0,0,0,0,,,9.78602E+12,9.78602E+12,UNCOVER YOHANES (MENEMUKAN),EX,3,25000,100,25000,0,"K.ANTON, K.EKA, K.ARIANTO",,,
1341,10/6/2017,J.01.1710.0045,CASH,10/6/2017,LITERATUR SURABAYA,0,0,0,0,,,9.78602E+12,9.78602E+12,UNCOVER YOHANES (MENEMUKAN),EX,12,25000,100,25000,0,FREE BOOK STAF MHS JATIM: KDR 1;JMBR 3;MLG 1;MTRM 2;JULIO 1;K.HARRY 1;SBY 2 K IIS 1,,,
1653,11/16/2017,J.01.1711.0117,CASH,11/16/2017,EDRIC TJANDRA,0,0,0,0,,,9.78602E+12,9.78602E+12,RADICAL (MENGIKUT YESUS TAK PEDULI BERAPA PUN HARGANYA),EX,1,60000,100,60000,0,,,,
123,1/18/2018,J.01.1801.0124,CASH,1/18/2018,IVP USA,0,0,0,0,,,9.78602E+12,9.78602E+12,COURAGE AND CALLING,EX,6,75000,100,75000,0,,,,
124,1/18/2018,J.01.1801.0125,CASH,1/18/2018,IVP UK,0,0,0,0,,,9.78602E+12,9.78602E+12,IMAGINE CHURCH,EX,2,50000,100,50000,0,,,,
125,1/18/2018,J.01.1801.0126,CASH,1/18/2018,DAVID COOK,0,0,0,0,,,9.78602E+12,9.78602E+12,I AM N (AKU ADALAH N),EX,10,65000,100,65000,0,,,,
126,1/18/2018,J.01.1801.0127,CASH,1/18/2018,LANGHAM CREATIVE PROJECT,0,0,0,0,,,9.78602E+12,9.78602E+12,BECOMING LIKE JESUS (MENJADI SERUPA YESUS),EX,6,58000,100,58000,0,,,,
127,1/18/2018,J.01.1801.0128,CASH,1/18/2018,GOSPEL LITERATURE INTERNATIONAL,0,0,0,0,,,9.78602E+12,9.78602E+12,RADICAL TOGETHER,EX,1,50000,100,50000,0,,,,
129,1/18/2018,J.01.1801.0130,CASH,1/18/2018,ZONDERVAN PUBLISHING,0,0,0,0,,,9.78602E+12,9.78602E+12,BOUNDARIES IN DATING (BATASAN-BATASAN DALAM PACARAN),EX,5,65000,100,65000,0,,,,
130,1/18/2018,J.01.1801.0131,CASH,1/18/2018,HACHETTE BOOK GROUP INC,0,0,0,0,,,978-602-1302-44-6,978-602-1302-44-6.1,JESUS AMONG SECULAR GODS (YESUS DI ANTARA ALLAH-ALLAH SEKULAR),EX,3,65000,100,65000,0,,,,
131,1/18/2018,J.01.1801.0132,CASH,1/18/2018,REDEEMER CITY TO CITY,0,0,0,0,,,9.78602E+12,9.78602E+12,MAKING SENSE OF GOD,EX,6,85000,100,85000,0,,,,
750,3/23/2018,J.01.1803.0171,CASH,3/23/2018,STEVI TILAAR,0,0,0,0,,,9.78602E+12,9.78602E+12,RADICAL TOGETHER,EX,1,50000,100,50000,0,,,,
769,3/27/2018,J.01.1803.0190,CASH,3/27/2018,MAXIMA,0,0,0,0,,,9.78602E+12,9.78602E+12,REDISCOVERING DISCIPLESHIP,EX,2,60000,100,60000,0,,,,
1711,7/26/2018,J.01.1807.0215,CASH,7/26/2018,LINDA,525000,0,7000,532000,,,9.78602E+12,9.78602E+12,BAHAN PA : ESTER,EX,1,25000,100,25000,0,4 GET 5 GOJEK,,,
1785,8/2/2018,J.01.1808.0027,CASH,8/2/2018,KEYSA HUTABARAT,228000,0,15000,243000,,,978-602-1302-40-8,978-602-1302-40-8.1,FRUITFULNESS ON THE FRONTLINE (BERBUAH DI GARIS DEPAN),EX,1,60000,100,60000,0,4 GET 5,,,
2042,9/6/2018,J.01.1809.0058,CASH,9/6/2018,ASPITA EKA ROSWENI SINAMBELA,0,0,0,0,,,9.78602E+12,9.78602E+12,DIVINE DIRECTION,EX,1,60000,100,60000,0,HADIAH PUZZLE. NO NOTA. KASIK NOTES DAN TAS,,,
2732,12/3/2018,J.01.1812.0018,CASH,12/3/2018,ECHA,0,0,0,0,,,12345678,12345678.1,NGBO,EX,12,88000,100,88000,0,,,,
2740,12/4/2018,J.01.1812.0026,CASH,12/4/2018,SALSA,0,0,0,0,,,9.78602E+12,9786021854785.6.1,THE SACRED SEARCH CU 6,EX,1,60000,100,60000,0,FREE BOOK,,,
2913,12/17/2018,J.01.1812.0200,CASH,12/17/2018,SALSA,0,0,0,0,,,9.78602E+12,9.78602E+12,THE ROAD BACK TO YOU,EX,1,65000,100,65000,0,FREEBOOK DESIGN QOUTE,,,
95,1/11/2019,J.01.1901.0093,CASH,1/11/2019,IVP USA,0,0,0,0,,,9.78979E+12,9.78979E+12,INTEGRITAS,EX,6,60000,100,60000,0,,,,
167,1/21/2019,J.01.1901.0164,CASH,1/21/2019,BAKER BOOKS,0,0,0,0,,,9.78602E+12,9.78602E+12,GRACE IS GREATER,EX,4,52000,100,52000,0,,,,
569,2/26/2019,J.01.1902.0250,CASH,2/26/2019,PAUL HIDAYAT,0,0,0,0,,,9.78602E+12,9.78602E+12,THE SPIRIT OF DISCIPLINES,EX,1,82000,100,82000,0,ENDORSE. TANPA NOTA,,,
811,3/21/2019,J.01.1903.0202,CASH,3/21/2019,LITERATUR SURABAYA,0,0,0,0,,,9.78602E+12,9786021854785.6.1,THE SACRED SEARCH CU 6,EX,1,60000,100,60000,0,UNTUK PERPUSTAKAAN,,,
812,3/21/2019,J.01.1903.0203,CASH,3/21/2019,STEVI TILAAR,0,0,0,0,,,9.78602E+12,9.78602E+12,THE ROAD BACK TO YOU,EX,1,65000,100,65000,0,"KIRIM VIA WAHANA HARI INI KALAU DI WAHANA MASUK 2 KG, MENDING KIRIM KE JNE",,,
875,3/29/2019,J.01.1903.0265,CASH,3/29/2019,SALSA,0,0,0,0,,,9.78979E+12,9.78979E+12,KINGDOM CALLING,EX,1,85000,100,85000,0,,,,
1057,4/22/2019,J.01.1904.0172,CASH,4/22/2019,SALSA,54000,0,0,54000,,,9.78602E+12,9.78602E+12,UNCOVER YOHANES (MENEMUKAN),EX,1,25000,100,25000,0,DESIGNER,,,
1596,7/15/2019,J.01.1907.0113,CASH,7/15/2019,IVP USA,0,0,0,0,,,9.78602E+12,9.78602E+12,THE MAGNIFICENT STORY (CERITA YANG MENAKJUBKAN),EX,6,56000,100,56000,0,,,,
1637,7/22/2019,J.01.1907.0158,CASH,7/22/2019,STEVI TILAAR,0,0,0,0,,,9.78602E+12,9.78602E+12,PRAYING THE BIBLE,EX,1,35000,100,35000,0,FREE BOOK,,,
1638,7/22/2019,J.01.1907.0159,CASH,7/22/2019,VIOLA SALINDING,0,0,0,0,,,9.78602E+12,9.78602E+12,THE PRODIGAL PROPHET (NABI YANG MELARIKAN DIRI),EX,1,58000,100,58000,0,GIVEAWAY,,,
1916,8/20/2019,J.01.1908.0160,CASH,8/20/2019,"ABEDNEGO TOGATOROP,",0,0,0,0,,,9.78602E+12,9.78602E+12,THE PRODIGAL PROPHET (NABI YANG MELARIKAN DIRI),EX,1,58000,100,58000,0,GIVEAWAY,,,
1924,8/20/2019,J.01.1908.0202,CASH,8/20/2019,SALSA,0,0,0,0,,,9.78602E+12,9.78602E+12,DONT GIVE UP (JANGAN MENYERAH),EX,1,68000,100,68000,0,FREE BOOK,,,
90,1/20/2020,J.01.2001.0090,CASH,1/20/2020,BAKER BOOKS,0,0,0,0,,,9.78602E+12,9.78602E+12,THE IMPERFECT DISCIPLES,EX,4,65000,100,65000,0,KRM PAKI POS PERANGKO PAKING YG BAGUS KUAT KARUD PLATSIK HITAM,,,
91,1/20/2020,J.01.2001.0091,CASH,1/20/2020,CROSSWAY,0,0,0,0,,,9.78602E+12,9.78602E+12,THE EXPLICIT GOSPEL (INJIL YANG JELAS),EX,6,65000,100,65000,0,KRM PAKI POS PERANGKO PAKING YG BAGUS KUAT KARUD PLATSIK HITAM,,,
92,1/20/2020,J.01.2001.0092,CASH,1/20/2020,IVP USA,0,0,0,0,,,9.78602E+12,9.78602E+12,LITURGY OF THE ORDINARY,EX,6,56000,100,56000,0,KRM PAKI POS PERANGKO PAKING YG BAGUS KUAT KARUD PLATSIK HITAM,,,
414,2/29/2020,J.01.2002.0244,CASH,2/29/2020,ANTONI SAMOSIR,6160000,0,0,6160000,,,12345678,12345678.1,NGBO,EX,100,88000,30,26400,6160000,,,,
630,3/30/2020,J.01.2003.0206,CASH,3/30/2020,SALSA,94500,0,30500,125000,,,9.78602E+12,9.78602E+12,EXPOSITORY EXULTATION (SUKACITA EKSPOSITORIS),EX,1,90000,100,90000,0,UTK TEMAN,,,
749,4/20/2020,J.01.2004.0115,CASH,4/20/2020,PERSEKUTUAN GEREJA TIONGHOA INDONESIA (PGTI),0,0,0,0,,,9.78602E+12,9.78602E+12,CORONAVIRUS AND CHRIST (KRISTUS DAN VIRUS CORONA),EX,400,0,,0,0,FREE BOOK,,,
750,4/20/2020,J.01.2004.0116,CASH,4/20/2020,RAYMOND LIU,0,0,0,0,,,9.78602E+12,9.78602E+12,CORONAVIRUS AND CHRIST (KRISTUS DAN VIRUS CORONA),EX,200,0,,0,0,FREE BOOK,,,
753,4/20/2020,J.01.2004.0119,CASH,4/20/2020,BAPAK STEVE,0,0,0,0,,,9.78602E+12,9.78602E+12,CORONAVIRUS AND CHRIST (KRISTUS DAN VIRUS CORONA),EX,58,0,,0,0,FREE BOOK,,,
760,4/20/2020,J.01.2004.0127,CASH,4/20/2020,TIURMA IDA PURBA (RUMAH BELAJAR BEKASI),0,0,10000,10000,,,9.78602E+12,9.78602E+12,CORONAVIRUS AND CHRIST (KRISTUS DAN VIRUS CORONA),EX,10,0,,0,0,FREE BOOK LION,,,
773,4/21/2020,J.01.2004.0139,CASH,4/21/2020,BAMBANG SRIYANTO,0,0,58000,58000,,,9.78602E+12,9.78602E+12,CORONAVIRUS AND CHRIST (KRISTUS DAN VIRUS CORONA),EX,75,0,,0,0,DAKOTA,,,
775,4/21/2020,J.01.2004.0141,CASH,4/21/2020,BU CIPTA/BU.LISA,153000,0,7000,160000,,,9.78602E+12,9.78602E+12,CORONAVIRUS AND CHRIST (KRISTUS DAN VIRUS CORONA),EX,1,0,,0,0,JNE,,,
796,4/24/2020,J.01.2004.0161,CASH,4/24/2020,ELISAPRISCO SUKOCO,0,0,7000,7000,,,9.78602E+12,9.78602E+12,CORONAVIRUS AND CHRIST (KRISTUS DAN VIRUS CORONA),EX,2,0,,0,0,"FREE BOOK,JNE",,,
797,4/24/2020,J.01.2004.0162,CASH,4/24/2020,BAPAK DJUNAEDI,0,0,0,0,,,9.78602E+12,9.78602E+12,CORONAVIRUS AND CHRIST (KRISTUS DAN VIRUS CORONA),EX,10,0,,0,0,FREE BOOK,,,
818,4/27/2020,J.01.2004.0183,CASH,4/27/2020,KANTOR SINODE GEREJA TORAJA UP PDT LUTHER TARUK,0,0,250000,250000,,,9.78602E+12,9.78602E+12,CORONAVIRUS AND CHRIST (KRISTUS DAN VIRUS CORONA),EX,50,0,,0,0,,,,
826,4/28/2020,J.01.2004.0190,CASH,4/28/2020,PDT. DANIEL ARIYANTO,0,0,12000,12000,,,9.78602E+12,9.78602E+12,CORONAVIRUS AND CHRIST (KRISTUS DAN VIRUS CORONA),EX,1,0,,0,0,,,,
839,4/30/2020,J.01.2004.0203,CASH,4/30/2020,"BU FEMMY ALLOW, S.TH.",0,0,0,0,,,9.78602E+12,9.78602E+12,CORONAVIRUS AND CHRIST (KRISTUS DAN VIRUS CORONA),EX,50,0,,0,0,,,,
846,4/30/2020,J.01.2004.0210,CASH,4/30/2020,IBU DWI,0,0,0,0,,,9.78602E+12,9.78602E+12,CORONAVIRUS AND CHRIST (KRISTUS DAN VIRUS CORONA),EX,10,0,,0,0,,,,
847,4/30/2020,J.01.2004.0211,CASH,4/30/2020,IKE REMI MARTANDO,0,0,0,0,,,9.78602E+12,9.78602E+12,CORONAVIRUS AND CHRIST (KRISTUS DAN VIRUS CORONA),EX,13,0,,0,0,,,,
879,5/8/2020,J.01.2005.0015,CASH,5/8/2020,BERTHIN SAPPANG,0,0,34500,34500,,,9.78602E+12,9.78602E+12,WHERE IS GOD IN A CORONAVIRUS WORLD?,EX,1,0,,0,0,,,,
880,5/8/2020,J.01.2005.0025,CASH,5/8/2020,PERSEKUTUAN GEREJA TIONGHOA INDONESIA (PGTI),0,0,0,0,,,9.78602E+12,9.78602E+12,WHERE IS GOD IN A CORONAVIRUS WORLD?,EX,200,0,,0,0,DAKOTA,,,
881,5/8/2020,J.01.2005.0026,CASH,5/8/2020,RAYMOND LIU,0,0,0,0,,,9.78602E+12,9.78602E+12,WHERE IS GOD IN A CORONAVIRUS WORLD?,EX,200,0,,0,0,DAKOTA,,,
882,5/8/2020,J.01.2005.0027,CASH,5/8/2020,AGUS WARSONO,0,0,23000,23000,,,9.78602E+12,9.78602E+12,CORONAVIRUS AND CHRIST (KRISTUS DAN VIRUS CORONA),EX,1,0,,0,0,JNE REG,,,
884,5/8/2020,J.01.2005.0029,CASH,5/8/2020,MERRY YULIANA,0,0,15000,15000,,,9.78602E+12,9.78602E+12,CORONAVIRUS AND CHRIST (KRISTUS DAN VIRUS CORONA),EX,1,0,,0,0,JNE REG,,,
885,5/8/2020,J.01.2005.0030,CASH,5/8/2020,HILDE SIANIPAR,0,0,18000,18000,,,9.78602E+12,9.78602E+12,WHERE IS GOD IN A CORONAVIRUS WORLD?,EX,1,0,,0,0,,,,
886,5/8/2020,J.01.2005.0031,CASH,5/8/2020,LUKAS KYSUMA,0,0,15000,15000,,,9.78602E+12,9.78602E+12,WHERE IS GOD IN A CORONAVIRUS WORLD?,EX,1,0,,0,0,,,,
898,5/9/2020,J.01.2005.0044,CASH,5/9/2020,"ALDO,",0,0,0,0,,,9.78602E+12,9.78602E+12,SUFFERING (PENDERITAAN),EX,1,62000,100,62000,0,FREE BOOK,,,
901,5/9/2020,J.01.2005.0047,CASH,5/9/2020,TIAN,0,0,0,0,,,9.78602E+12,9.78602E+12,LITURGY OF THE ORDINARY,EX,1,56000,100,56000,0,FREE BOOK,,,
902,5/9/2020,J.01.2005.0048,CASH,5/9/2020,DR GUNADI MTH,0,0,15000,15000,,,9.78602E+12,9.78602E+12,WHERE IS GOD IN A CORONAVIRUS WORLD?,EX,1,0,,0,0,,,,
909,5/11/2020,J.01.2005.0057,CASH,5/11/2020,CROSSWAY,0,0,0,0,,,9.78602E+12,9.78602E+12,CORONAVIRUS AND CHRIST (KRISTUS DAN VIRUS CORONA),EX,5,0,,0,0,KRM PAKI POS PERANGKO PAKING YG BAGUS KUAT KARUD PLATSIK HITAM,,,
911,5/11/2020,J.01.2005.0059,CASH,5/11/2020,PDT DR ALFRED ANGGUI KETUA BADAN PEKERJA SINODE,0,0,400000,400000,,,9.78602E+12,9.78019E+12,WHERE IS GOD IN A CORONAVIRUS WORLD?,EX,100,0,,0,0,POS KILAT,,,
961,5/18/2020,J.01.2005.0107,CASH,5/18/2020,CIPTO DIWIKO,0,0,0,0,,,9.78602E+12,9.78602E+12,"JIKA ANDA INGIN BERJALAN DI ATAS AIR, KELUARLAH DARI PERAHU",EX,1,60000,100,60000,0,FREE BOOK,,,
963,5/18/2020,J.01.2005.0109,CASH,5/18/2020,TANTO SUGIHARTO,153000,0,15000,168000,,,9.78602E+12,9.78602E+12,CORONAVIRUS AND CHRIST (KRISTUS DAN VIRUS CORONA),EX,1,0,,0,0,,,,
972,5/19/2020,J.01.2005.0117,CASH,5/19/2020,BAPAK STEVE,0,0,0,0,,,9.78602E+12,9.78602E+12,WHERE IS GOD IN A CORONAVIRUS WORLD?,EX,58,0,,0,0,,,,
1072,5/29/2020,J.01.2005.0216,CASH,5/29/2020,ERIKA DIAN,0,0,8000,8000,,,9.78602E+12,9.78602E+12,CORONAVIRUS AND CHRIST (KRISTUS DAN VIRUS CORONA),EX,1,0,,0,0,,,,
1116,6/3/2020,J.01.2006.0031,CASH,6/3/2020,FRETS KERIAPY,0,0,46000,46000,,,9.78602E+12,9.78602E+12,CORONAVIRUS AND CHRIST (KRISTUS DAN VIRUS CORONA),EX,9,0,,0,0,"JNE REG, UNTUK 9 ORANG",,,
1134,6/5/2020,J.01.2006.0048,CASH,6/5/2020,GALIH AULIA N,0,0,15000,15000,,,9.78602E+12,9.78602E+12,WHERE IS GOD IN A CORONAVIRUS WORLD?,EX,1,0,,0,0,,,,
1135,6/5/2020,J.01.2006.0049,CASH,6/5/2020,ERIKA DIAN,0,0,8000,8000,,,9.78602E+12,9.78602E+12,WHERE IS GOD IN A CORONAVIRUS WORLD?,EX,1,0,,0,0,,,,
1136,6/5/2020,J.01.2006.0050,CASH,6/5/2020,CINDYAWAN,0,0,15000,15000,,,9.78602E+12,9.78602E+12,CORONAVIRUS AND CHRIST (KRISTUS DAN VIRUS CORONA),EX,1,0,,0,0,,,,
1162,6/8/2020,J.01.2006.0080,CASH,6/8/2020,YOHANA SIANTURI,0,0,0,0,,,9.78602E+12,9.78602E+12,PANGGILAN UNTU MENGENAL DAN MENGASIHI DUNIA (VISION OF VOCATION),EX,1,65000,100,65000,0,TANPA NOTA: FREE BOOK ROOMLINE,,,
1163,6/8/2020,J.01.2006.0081,CASH,6/8/2020,YONES RAVEN,0,0,0,0,,,9.78602E+12,9.78602E+12,COURAGE AND CALLING,EX,1,75000,100,75000,0,TANPA NOTA: FREE BOOK ROOMLINE,,,
1164,6/8/2020,J.01.2006.0082,CASH,6/8/2020,ANTHONY STEFANUS KUANDA,0,0,0,0,,,9.78602E+12,9.78602E+12,EVERY GOOD ENDEAVOR,EX,1,65000,100,65000,0,TANPA NOTA : FREEBOOK ROOMLINE,,,
1180,6/11/2020,J.01.2006.0098,CASH,6/11/2020,DR. SOSTENES VICTORIS TANTO TAMZIR,0,0,0,0,,,9.78602E+12,9.78602E+12,SUFFERING (PENDERITAAN),EX,7,0,,0,0,FREE BOOK TENAGA MEDIS MADIUN,,,
1191,6/15/2020,J.01.2006.0109,CASH,6/15/2020,DENNY CHRISTIAN,0,0,15000,15000,,,9.78602E+12,9.78602E+12,WHERE IS GOD IN A CORONAVIRUS WORLD?,EX,1,0,,0,0,,,,
1192,6/15/2020,J.01.2006.0110,CASH,6/15/2020,KRISTIAN BADAI,0,0,15000,15000,,,9.78602E+12,9.78602E+12,WHERE IS GOD IN A CORONAVIRUS WORLD?,EX,12,0,,0,0,,,,
1204,6/15/2020,J.01.2006.0122,CASH,6/15/2020,DR. KRISTO KURNIAWAN,0,0,0,0,,,9.78602E+12,9.78602E+12,SUFFERING (PENDERITAAN),EX,25,62000,100,62000,0,FREE BOOK TENAGA MEDIS UTK PPDS DAN DOKTER KRISTEN DI MALANG,,,
1207,6/15/2020,J.01.2006.0125,CASH,6/15/2020,DR. EVAN LUSIDA,0,0,0,0,,,9.78602E+12,9.78602E+12,SUFFERING (PENDERITAAN),EX,4,62000,100,62000,0,FREE BOOK TENAGA MEDIS TULUNGAGUNG,,,
1208,6/15/2020,J.01.2006.0126,CASH,6/15/2020,"DRG.RUDY.S, SP.PROS",0,0,0,0,,,9.78602E+12,9.78602E+12,SUFFERING (PENDERITAAN),EX,7,62000,100,62000,0,FREE BOOK TENAGA MEDIS KEDIRI,,,
1219,6/16/2020,J.01.2006.0137,CASH,6/16/2020,DR. APRILIA ADELINA BARUS,0,0,0,0,,,9.78602E+12,9.78602E+12,SUFFERING (PENDERITAAN),EX,1,62000,100,62000,0,FREE BOOK TENAGA MEDIS BLITAR,,,
1240,6/18/2020,J.01.2006.0159,CASH,6/18/2020,DR. WIEKA BUDHIWIDAYANTI,0,0,0,0,,,9.78602E+12,9.78602E+12,SUFFERING (PENDERITAAN),EX,1,62000,100,62000,0,FREE BOOK TENAGA MEDIS GRESIK,,,
1274,6/24/2020,J.01.2006.0192,CASH,6/24/2020,DR. ANINDYA KRISTANTI,0,0,0,0,,,9.78602E+12,9.78602E+12,SUFFERING (PENDERITAAN),EX,1,62000,100,62000,0,FREE BOOK TENAGA MEDIS KAB.MALANG,,,
1275,6/24/2020,J.01.2006.0193,CASH,6/24/2020,DR. RIO YOGA,0,0,0,0,,,9.78602E+12,9.78602E+12,SUFFERING (PENDERITAAN),EX,8,62000,100,62000,0,FREEBOOK TENAGA MEDIS RS BATU,,,
1277,6/24/2020,J.01.2006.0195,CASH,6/24/2020,STELLA STEPHANIE,0,0,0,0,,,9.78602E+12,9.78602E+12,SUFFERING (PENDERITAAN),EX,1,62000,100,62000,0,FREE BOOK TENAGA MEDIS JEMBER,,,
1278,6/24/2020,J.01.2006.0196,CASH,6/24/2020,DR. EVELINA LARISSA WIJAYA,0,0,0,0,,,9.78602E+12,9.78602E+12,SUFFERING (PENDERITAAN),EX,1,62000,100,62000,0,FREE BOOK TENAGA MEDIS,,,
1280,6/25/2020,J.01.2006.0198,CASH,6/25/2020,"DR. IWAN DJUANDA, SP.OG",0,0,0,0,,,9.78602E+12,9.78602E+12,SUFFERING (PENDERITAAN),EX,1,62000,100,62000,0,FREE BOOK TENAGA MEDIS SURABAYA,,,
1281,6/25/2020,J.01.2006.0199,CASH,6/25/2020,DR. OLYVIA MONICA,0,0,0,0,,,9.78602E+12,9.78602E+12,SUFFERING (PENDERITAAN),EX,1,62000,100,62000,0,FREE BOOK TENAGA MEDIS SURABAUA,,,
1282,6/25/2020,J.01.2006.0200,CASH,6/25/2020,NS. VIRGILIUS KASRA TOLOK,0,0,0,0,,,9.78602E+12,9.78602E+12,SUFFERING (PENDERITAAN),EX,1,62000,100,62000,0,FREEBOOK TENAGA MEDIS SURABAYA,,,
1283,6/25/2020,J.01.2006.0201,CASH,6/25/2020,DR. YOSEPHINE MULIANA,0,0,0,0,,,9.78602E+12,9.78602E+12,SUFFERING (PENDERITAAN),EX,1,62000,100,62000,0,FREE BOOK TENAGA MEDIS SURABAYA,,,
1285,6/25/2020,J.01.2006.0203,CASH,6/25/2020,DR. MINARNI,0,0,0,0,,,9.78602E+12,9.78602E+12,SUFFERING (PENDERITAAN),EX,1,62000,100,62000,0,FREE BOOK TENAGA MEDIS SURABAYA,,,
1286,6/25/2020,J.01.2006.0204,CASH,6/25/2020,DR. ANNA LEWI,0,0,0,0,,,9.78602E+12,9.78602E+12,SUFFERING (PENDERITAAN),EX,1,62000,100,62000,0,FREE BOOK TENAGA MEDIS SURABAYA,,,
1287,6/25/2020,J.01.2006.0205,CASH,6/25/2020,DR. YUDI SANTOSO,0,0,0,0,,,9.78602E+12,9.78602E+12,SUFFERING (PENDERITAAN),EX,1,62000,100,62000,0,FREE BOOK TENAGA MEDIS SURABAYA,,,
1292,6/25/2020,J.01.2006.0210,CASH,6/25/2020,DR. ELVIRA CHANDRA,0,0,0,0,,,9.78602E+12,9.78602E+12,SUFFERING (PENDERITAAN),EX,1,62000,100,62000,0,FREEBOOK TENAGA MEDIS SURABAYA,,,
1293,6/25/2020,J.01.2006.0211,CASH,6/25/2020,DR. MARIA AURILLIA LAZUARDI,0,0,0,0,,,9.78602E+12,9.78602E+12,SUFFERING (PENDERITAAN),EX,1,62000,100,62000,0,FREEBOOK TENAGA MEDIS SURABAYA,,,
1358,7/7/2020,J.01.2007.0035,CASH,7/7/2020,DANIEL NICODEMUS LOEN,0,0,7000,7000,,,9.78602E+12,9.78602E+12,GOSPEL IN LIFE (INJIL DALAM KEHIDUPAN),EX,1,50000,100,50000,0,FREE BOOK,,,
1361,7/7/2020,J.01.2007.0825,CASH,7/7/2020,BAPAK MICHAEL TAMBOCH (YAYASAN GEMA KASIH YOBEL),0,0,1,1,,,2356789,2356789.1,BERJUMPA DENGAN YESUS,EX,1,35000,100,35000,0,CANCEL,,,
1366,7/8/2020,J.01.2007.0041,CASH,7/8/2020,"ABEDNEGO TOGATOROP,",0,0,39000,39000,,,9.78602E+12,9.78602E+12,GOSPEL IN LIFE (INJIL DALAM KEHIDUPAN),EX,1,50000,100,50000,0,FREE BOOK LION,,,
1420,7/22/2020,J.01.2007.0093,CASH,7/22/2020,FARIDA FRANSISCA SIHOTANG,0,0,96000,96000,,,9.78602E+12,9786021854785.6.1,THE SACRED SEARCH CU 6,EX,1,60000,100,60000,0,LION,,,
1448,7/24/2020,J.01.2007.0121,CASH,7/24/2020,"RIA,,,,",0,0,0,0,,,9.78053E+12,9.78053E+12,UNFINISED,EX,0,150000,,0,0,PAKAI DULU AJA,,,
1478,7/29/2020,J.01.2007.0170,CASH,7/29/2020,ANGELA SANTIKA LEMMUELA,0,0,0,0,,,9.78602E+12,9.78602E+12,UNDAUNTED,EX,1,60000,100,60000,0,GIVEAWAY PAKET 4,,,
1479,7/29/2020,J.01.2007.0171,CASH,7/29/2020,ANGELICA YOHANA SANTIKA LEMMUELA,0,0,0,0,,,9.78602E+12,9.78602E+12,RADICAL (MENGIKUT YESUS TAK PEDULI BERAPA PUN HARGANYA),EX,1,60000,100,60000,0,GIVEAWAY PAKET 4,,,
1481,7/29/2020,J.01.2007.0173,CASH,7/29/2020,YOSUA LEONARDO P,0,0,0,0,,,9.78602E+12,9.78602E+12,LITURGY OF THE ORDINARY,EX,1,56000,100,56000,0,GIVEAWAY PAKET 7,,,
1482,7/29/2020,J.01.2007.0174,CASH,7/29/2020,NAULITA MAGDALENA,0,0,0,0,,,9.78602E+12,9.78602E+12,THE EXPLICIT GOSPEL (INJIL YANG JELAS),EX,1,65000,100,65000,0,GIVEAWAY PAKET 7,,,
1483,7/29/2020,J.01.2007.0175,CASH,7/29/2020,ENDANG MEGAWATI (MIMING),0,0,0,0,,,9.78603E+12,9786029670011.2.1,THE RADICAL DISCIPLE NEW COVER,EX,1,38000,100,38000,0,GIVEAWAY PAKET 7,,,
1484,7/29/2020,J.01.2007.0176,CASH,7/29/2020,FRANS JOSUA MANALU,0,0,0,0,,,9.78602E+12,9.78602E+12,GRACE IS GREATER,EX,1,52000,100,52000,0,GIVEAWAY PAKET 7,,,
2326,8/10/2020,J.01.2008.0058,CASH,8/10/2020,CRISTOVEL WUNTO,0,0,25000,25000,,,9.78602E+12,9.78602E+12,THE IMPERFECT DISCIPLES,EX,1,65000,100,65000,0,,,,
2345,8/12/2020,J.01.2008.0077,CASH,8/12/2020,FELICIA N,0,0,0,0,,,9.78602E+12,9.78602E+12,SUFFERING (PENDERITAAN),EX,1,62000,100,62000,0,FREE BOOK,,,
2410,8/25/2020,J.01.2008.0158,CASH,8/25/2020,JESSICA AURELIA,0,0,0,0,,,9.78602E+12,9.78602E+12,DONT GIVE UP (JANGAN MENYERAH),EX,1,68000,100,68000,0,APRESIASI,,,
2571,9/14/2020,J.01.2009.0092,CASH,9/14/2020,JASSON SAMUEL,0,0,0,0,,,9.78602E+12,9.78602E+12,WHEN I DONT DESIRE GOD (KETIKA SAYA TIDAK MENDAMBAKAN ALLAH),EX,1,80000,100,80000,0,HADIAH BUKU FREE KUIS KAHOOT,,,
2572,9/14/2020,J.01.2009.0093,CASH,9/14/2020,THERESIA NATALIA BINTORO,0,0,0,0,,,9.78602E+12,9.78602E+12,DONT GIVE UP (JANGAN MENYERAH),EX,1,68000,100,68000,0,APRESIAI MENULIS STUDENT WRITING,,,
2926,10/20/2020,J.01.2010.0187,CASH,10/20/2020,JESSICA AURELIA BWI,0,0,0,0,,,9.78602E+12,9.78602E+12,"JIKA ANDA INGIN BERJALAN DI ATAS AIR, KELUARLAH DARI PERAHU",EX,3,60000,100,60000,0,FREE HADIAH TEMU PENULIS (KAK RIA),,,
3706,12/14/2020,J.01.2012.0127,CASH,12/14/2020,OLIVE,0,0,0,0,,,9.78602E+12,9.78602E+12,THE CASE FOR GRACE (PENYELIDIKAN TENTANG KASIH KARUNIA),EX,1,68000,100,68000,0,FREE BOOK,,,
123,1/20/2021,J.01.2101.0104,CASH,1/20/2021,BAGUS SURJANTORO,0,0,0,0,,,PERSPECTIVES12,PERSPECTIVES12.1,PERSPECTIVES JILID 1 & 2,EX,1,300000,100,300000,0,JNE JTR,,,
126,1/20/2021,J.01.2101.0107,CASH,1/20/2021,IJEN SUHENDRA,0,0,0,0,,,PERSPECTIVES12,PERSPECTIVES12.1,PERSPECTIVES JILID 1 & 2,EX,1,300000,100,300000,0,WAHANA,,,
156,1/25/2021,J.01.2101.0150,CASH,1/25/2021,TRIAWAN,0,0,0,0,,,PERSPECTIVES12,PERSPECTIVES12.1,PERSPECTIVES JILID 1 & 2,EX,1,300000,100,300000,0,WAHANA,,,
157,1/25/2021,J.01.2101.0151,CASH,1/25/2021,DEBORA.,0,0,0,0,,,PERSPECTIVES12,PERSPECTIVES12.1,PERSPECTIVES JILID 1 & 2,EX,1,300000,100,300000,0,LION,,,
198,1/29/2021,J.01.2101.0192,CASH,1/29/2021,EUDIA DESTHALYANA SURYANDAYANI,0,0,0,0,,,9.78602E+12,9.78602E+12,THE EMOTIONALLY HEALTHY WOMAN,EX,1,60000,100,60000,0,"FREE BOOK, TIDAK PAKAI NOTA. APRESIASI MENULIS DI STUDENT WRITING",,,
280,2/11/2021,J.01.2102.0060,CASH,2/11/2021,STEVY TILAAR,0,0,0,0,,,9.78602E+12,9.78602E+12,NOT YET MARRIED,EX,1,65000,100,65000,0,FREE PENERJEMAH WAHANA,,,
288,2/12/2021,J.01.2102.0068,CASH,2/12/2021,ADE ROCK,0,0,0,0,,,PERSPECTIVES12,PERSPECTIVES12.1,PERSPECTIVES JILID 1 & 2,EX,2,300000,100,300000,0,,,,
289,2/12/2021,J.01.2102.0069,CASH,2/12/2021,PDT. ANDREAS SETIAWAN (B2B),0,0,0,0,,,PERSPECTIVES12,PERSPECTIVES12.1,PERSPECTIVES JILID 1 & 2,EX,1,300000,100,300000,0,,,,
351,2/22/2021,J.01.2102.0140,CASH,2/22/2021,ASIMA ARTAULI SAGALA,0,0,0,0,,,9.78602E+12,9.78602E+12,NOT YET MARRIED,EX,1,65000,100,65000,0,READTALK CHALLENGE,,,
354,2/22/2021,J.01.2102.0144,CASH,2/22/2021,DENY CHRISTIAN,0,0,0,0,,,9.78602E+12,9.78602E+12,NOT YET MARRIED,EX,1,65000,100,65000,0,READTALK CHALLENGE,,,
537,3/15/2021,J.01.2103.0088,CASH,3/15/2021,DENNY JADE,0,0,0,0,,,9.78602E+12,9.78602E+12,LEADERSHIP REFORMED (REFORMASI KEPEMIMPINAN),EX,1,120000,100,120000,0,FREE BOOK,,,
538,3/15/2021,J.01.2103.0089,CASH,3/15/2021,THIMOTHY IVAN,0,0,0,0,,,9.78602E+12,9.78602E+12,LEADERSHIP REFORMED (REFORMASI KEPEMIMPINAN),EX,1,120000,100,120000,0,FREE BOOK,,,
539,3/15/2021,J.01.2103.0090,CASH,3/15/2021,SHANIA,0,0,0,0,,,9.78602E+12,9.78602E+12,LEADERSHIP REFORMED (REFORMASI KEPEMIMPINAN),EX,1,120000,100,120000,0,,,,
635,3/22/2021,J.01.2103.0152,CASH,3/22/2021,NUGIE/DASTA,0,0,0,0,,,PERSPECTIVES12,PERSPECTIVES12.1,PERSPECTIVES JILID 1 & 2,EX,1,300000,100,300000,0,TAMBAH STUDY GUIDE,,,
844,4/5/2021,J.01.2104.0027,CASH,4/5/2021,YEMIMA HARYANTO,0,0,0,0,,,9.78602E+12,9.78602E+12,TOKOH PEREMPUAN DALAM PERJANJIAN LAMA,EX,1,28000,100,28000,0,SHOPEE TERIMA VOUCHER,,,
990,4/23/2021,J.01.2104.0198,CASH,4/23/2021,PT DIGITAL OPEN HOUSE (DIGIOH),0,0,0,0,,,9.78602E+12,9.78602E+12,RELIGION AND THE SCIENCES OF ORIGINS (AGAMA DAN SAINS ASAL-USUL),EX,1,110000,100,110000,0,FREE BOOK,,,
1112,5/6/2021,J.01.2105.0038,CASH,5/6/2021,"WILDA TRI,",0,0,0,0,,,9.78602E+12,9786021854723.4.2,NOT A FAN CU 4,EX,1,65000,100,65000,0,,,,
1346,5/24/2021,J.01.2105.0340,CASH,5/24/2021,SISILIA THALIA,0,0,0,0,,,9.78602E+12,9.78602E+12,WHEN TO WALK AWAY (WAKTUNYA MENYINGKIR),EX,1,88000,100,88000,0,FREE BOOK,,,
1348,5/24/2021,J.01.2106.0026,CASH,5/24/2021,ACEN,0,0,0,0,,,9.78602E+12,9.78602E+12,WHEN TO WALK AWAY (WAKTUNYA MENYINGKIR),EX,1,88000,100,88000,0,FREE BOOK,,,
1741,6/18/2021,J.01.2106.0197,CASH,6/18/2021,ELIZABETH GO,0,0,0,0,,,9.78602E+12,9.78602E+12,RELIGION AND THE SCIENCES OF ORIGINS (AGAMA DAN SAINS ASAL-USUL),EX,2,110000,100,110000,0,,,,
2057,6/30/2021,J.01.2106.0272,CASH,6/30/2021,"WILDA TRI,",0,0,0,0,,,9.78602E+12,9.78602E+12,DANGEROUS PRAYERS (DOA-DOA YANG BERBAHAYA),EX,1,65000,100,65000,0,,,,
2302,7/23/2021,J.01.2107.0213,CASH,7/23/2021,BAPAK MOSES,0,0,18000,18000,,,9.78602E+12,9.78602E+12,WHERE IS GOD IN A CORONAVIRUS WORLD?,EX,1,0,,0,0,JNE,,,
2385,7/30/2021,J.01.2107.0300,CASH,7/30/2021,LITA MALONDA,0,0,7000,7000,,,PERSPECTIVESSG,PERSPECTIVESSG.1,PERSPECTIVES STUDY GUIDE,EX,1,0,,0,0,WAHANA SG,,,
2388,7/30/2021,J.01.2107.0303,CASH,7/30/2021,ATHUR JANUAR,0,0,7000,7000,,,PERSPECTIVESSG,PERSPECTIVESSG.1,PERSPECTIVES STUDY GUIDE,EX,1,0,,0,0,WAHANA SG,,,
2390,7/30/2021,J.01.2107.0305,CASH,7/30/2021,CINDY JESLIYANI,0,0,7000,7000,,,PERSPECTIVESSG,PERSPECTIVESSG.1,PERSPECTIVES STUDY GUIDE,EX,1,0,,0,0,WAHANA,,,
2391,7/30/2021,J.01.2107.0306,CASH,7/30/2021,DAICYNTHIA GLORIA NATALIA,0,0,7000,7000,,,PERSPECTIVESSG,PERSPECTIVESSG.1,PERSPECTIVES STUDY GUIDE,EX,1,0,,0,0,WAHANA,,,
2392,7/30/2021,J.01.2107.0307,CASH,7/30/2021,DARMADI CANDRA,0,0,7000,7000,,,PERSPECTIVESSG,PERSPECTIVESSG.1,PERSPECTIVES STUDY GUIDE,EX,1,0,,0,0,WAHANA,,,
2395,7/30/2021,J.01.2107.0310,CASH,7/30/2021,FERRY RUSTANDI,0,0,10000,10000,,,PERSPECTIVESSG,PERSPECTIVESSG.1,PERSPECTIVES STUDY GUIDE,EX,1,0,,0,0,WAHANA,,,
2397,7/30/2021,J.01.2107.0312,CASH,7/30/2021,ULINTAWATI GINTING,0,0,49500,49500,,,PERSPECTIVESSG,PERSPECTIVESSG.1,PERSPECTIVES STUDY GUIDE,EX,1,0,,0,0,LION PARCEL,,,
2398,7/30/2021,J.01.2107.0313,CASH,7/30/2021,YOHAN DERETAH,0,0,8000,8000,,,PERSPECTIVESSG,PERSPECTIVESSG.1,PERSPECTIVES STUDY GUIDE,EX,1,0,,0,0,JNE,,,
2504,8/12/2021,J.01.2108.0066,CASH,8/12/2021,VISARAH LEIDEN,0,0,35000,35000,,,9.78602E+12,9.78602E+12,WHERE IS GOD IN A CORONAVIRUS WORLD?,EX,30,0,,0,0,VIA WAHANA,,,
2569,8/18/2021,J.01.2108.0115,CASH,8/18/2021,NATALIN PERTIWI SIAHAAN,300000,0,225000,525000,,,PERSPECTIVESSG,PERSPECTIVESSG.1,PERSPECTIVES STUDY GUIDE,EX,1,0,,0,0,,,,
2699,8/24/2021,J.01.2108.0165,CASH,8/24/2021,KHOLISAN AGAVE SIMBOLON (BENGKEL MOTOR DEPAN INDOMARET),0,0,18000,18000,,,9.78602E+12,9.78602E+12,EMOTIONALLY HEALTHY SPIRITUALITY,EX,1,65000,100,65000,0,FREE BOOK JNE,,,
2700,8/24/2021,J.01.2108.0166,CASH,8/24/2021,YUSTINA BULU,0,0,10000,10000,,,9.78602E+12,9.78602E+12,DANGEROUS PRAYERS (DOA-DOA YANG BERBAHAYA),EX,1,65000,100,65000,0,DOCUPACK,,,
3205,9/16/2021,J.01.2109.0177,CASH,9/16/2021,IBU DWI MARIA,0,0,0,0,,,9.78624E+12,9.78624E+12,PILAR-PILAR DOA,EX,2,60000,100,60000,0,,,,
3240,9/17/2021,J.01.2109.0210,CASH,9/17/2021,"WILDA TRI,",0,0,0,0,,,9.78624E+12,9.78624E+12,PILAR-PILAR DOA,EX,1,60000,100,60000,0,WAHANA,,,
3538,9/29/2021,J.01.2109.0400,CASH,9/29/2021,BRILLIANT BYOTENEGA,0,0,0,0,,,9.78602E+12,9786021854723.4.2,NOT A FAN CU 4,EX,1,65000,100,65000,0,FREE BOOK APRESIASI,,,
3650,10/6/2021,J.01.2110.0152,CASH,10/6/2021,VONNY L SAUBAKI,0,0,7000,7000,,,9.78602E+12,9.78602E+12,WHERE IS GOD IN A CORONAVIRUS WORLD?,EX,2,0,,0,0,TF,,,
3652,10/7/2021,J.01.2110.0161,CASH,10/7/2021,LOW CHEE WAH/ HANSEN LIM/EMILY LE TAYLOR & FRANCIS ASIA PACIFIC,0,0,0,0,,,9.78602E+12,9.78602E+12,LEADERSHIP REFORMED (REFORMASI KEPEMIMPINAN),EX,2,120000,100,120000,0,FREE BOOK,,,
3661,10/8/2021,J.01.2110.0170,CASH,10/8/2021,KAK ITA SIREGAR,0,0,0,0,,,9.78602E+12,9.78602E+12,LIES WOMAN BELIEVE,EX,1,90000,100,90000,0,FREE BOOK,,,
3662,10/8/2021,RJ.2110-0001,cash,10/8/2021,ANTONI SAMOSIR,-6160000,0,0,-6160000,,,12345678,12345678.1,NGBO,EX,100,88000,30,26400,-6160000,,,,
3695,10/11/2021,J.01.2110.0262,CASH,10/11/2021,"JONATAS BATISTA DOS SANTOS,",0,0,35000,35000,,,PERSPECTIVESSG,PERSPECTIVESSG.1,PERSPECTIVES STUDY GUIDE,EX,1,0,,0,0,DOCUPACK,,,
4062,11/22/2021,J.01.2111.0202,CASH,11/22/2021,TIM CHEREADERS,0,0,0,0,,,9.78602E+12,9.78602E+12,DONT GIVE UP (JANGAN MENYERAH),EX,7,68000,100,68000,0,,,,
4145,11/29/2021,J.01.2111.0324,CASH,11/29/2021,JOHAN DAN ANTON,0,0,0,0,,,9.78602E+12,9.78602E+12,GOOD NEWS OF GREAT JOY (KABAR BAIK TENTANG KESUKAAN BESAR),EX,10,40000,100,40000,0,DONASI GOOD NEWS,,,
4147,11/29/2021,J.01.2111.0326,CASH,11/29/2021,BENYAMIN CH. POEH D.A. RILIA A. POEH (SEKOLAH KASIH YOBEL (SKY)),0,0,0,0,,,9.78602E+12,9.78602E+12,GOOD NEWS OF GREAT JOY (KABAR BAIK TENTANG KESUKAAN BESAR),EX,8,40000,100,40000,0,PAHLAWAN MISI,,,
4153,11/30/2021,J.01.2111.0115,CASH,11/30/2021,SEKOLAH TINGGI TEOLOGI DUTA PANISAL (UP:RANI),0,0,0,0,,,9.78602E+12,9.78602E+12,GOOD NEWS OF GREAT JOY (KABAR BAIK TENTANG KESUKAAN BESAR),EX,35,40000,100,40000,0,FREE BOOK,,,
4246,12/8/2021,J.01.2112.0073,CASH,12/8/2021,"CALVIN,,",0,0,0,0,,,9.78624E+12,9.78624E+12,TITIK TEMU 1: DALAM BAYANG-BAYANG PANDEMI: ANTARA HIDUP KOMUNAL DAN PERGULATAN MENTAL,EX,1,40000,100,40000,0,WAHANA FREE,,,
4430,12/23/2021,J.01.2112.0185,CASH,12/23/2021,JENNY LIUS UP.DR. HERDIANA,63375,0,0,63375,,,9.78602E+12,9.78602E+12,XPLORE,EX,0,30000,,0,0,SHOPEE,,,
78,1/6/2022,J.01.2201.0033,CASH,1/6/2022,INAWATY TEDDY,0,0,0,0,,,9.78602E+12,9.78602E+12,FLOW (IBADAH YANG MENGALIR),EX,5,60000,100,60000,0,,,,
287,1/19/2022,J.01.2201.0280,CASH,1/19/2022,TIFFANY,0,0,0,0,,,9.78624E+12,9.78624E+12,TITIK TEMU 1: DALAM BAYANG-BAYANG PANDEMI: ANTARA HIDUP KOMUNAL DAN PERGULATAN MENTAL,EX,1,40000,100,40000,0,,,,
288,1/19/2022,J.01.2201.0281,CASH,1/19/2022,FELICIA N,0,0,0,0,,,9.78624E+12,9.78624E+12,MENGHIDUPI INJIL & MENGINJILI HIDUP,EX,1,75000,100,75000,0,DESAIGNER,,,
301,1/21/2022,J.01.2201.0297,CASH,1/21/2022,"CONTRACTS AND ROYALTIES DEPARTMENT, ABINGDON PRESS",0,0,0,0,,,9.78602E+12,9.78602E+12,FLOW (IBADAH YANG MENGALIR),EX,5,60000,100,60000,0,FREE BOOK PUBLISHERS,,,
306,1/21/2022,J.01.2201.0318,CASH,1/21/2022,CROSSWAY ATTN: LICENSING DEPT,0,0,0,0,,,9.78602E+12,9.78602E+12,CONFRONTING CHRISTIANITY (MENANTANG KEKRISTENAN),EX,6,88000,100,88000,0,PUBLISHERS,,,
445,2/1/2022,J.01.2202.0091,CASH,2/1/2022,RON PARRISH,0,0,16000,16000,,,PERSPECTIVES12,PERSPECTIVES12.1,PERSPECTIVES JILID 1 & 2,EX,1,300000,100,300000,0,WAHANA,,,
830,2/22/2022,J.01.2202.0194,CASH,2/22/2022,PS. MICHAEL CHRISDION,0,0,0,0,,,9.78624E+12,9.78624E+12,BEYOND THE MIRACLES,EX,50,65000,100,65000,0,FREE BOOK,,,
962,3/1/2022,J.01.2203.0026,CASH,3/1/2022,HISTORY,0,0,0,0,,,9.78602E+12,9.78602E+12,BOUNDARIES IN DATING (BATASAN-BATASAN DALAM PACARAN),EX,1,65000,100,65000,0,APRESIASI,,,
1243,3/25/2022,J.01.2203.0304,CASH,3/25/2022,SAWANGAN,95550,0,0,95550,,,9.78624E+12,9.78624E+12,EVERYBODYS NORMAL TILL YOU GET TO KNOW THEM (SEMUA ORANG NORMAL SEBELUM ANDA MENGENAL MEREKA),EX,1,98000,2.5,2450,95550,SHOPEE,,,
1384,4/7/2022,RJ.2204-0001,cash,4/7/2022,SAWANGAN,-95550,0,0,-95550,,,9.78624E+12,9.78624E+12,EVERYBODYS NORMAL TILL YOU GET TO KNOW THEM (SEMUA ORANG NORMAL SEBELUM ANDA MENGENAL MEREKA),EX,1,98000,2.5,2450,-95550,,,,
1534,4/21/2022,J.01.2204.0711,CASH,4/21/2022,GITHA,100000,0,0,100000,,,9.78624E+12,9.78624E+12,TUJUH LANGKAH MENYUSUN KHOTBAH YANG MENGUBAH KEHIDUPAN: KHOTBAH EKSPOSITORI,EX,1,120000,,20000,100000,TOPED (SALAH KIRIM),,,
1542,4/22/2022,J.01.2204.0224,CASH,4/22/2022,STT MAKEDONIA NGABANG,0,0,324000,324000,,,9.78624E+12,9.78624E+12,TUJUH LANGKAH MENYUSUN KHOTBAH YANG MENGUBAH KEHIDUPAN: KHOTBAH EKSPOSITORI,EX,45,120000,100,120000,0,DIBAYAR PAK BENNY,,,
1833,4/24/2022,J.01.2204.0631,CASH,4/24/2022,"TIMOTHY,",77600,0,0,77600,,,9.78624E+12,9.78624E+12,MAMA BEAR APOLOGETICS (APOLOGETIKA MAMA BERUANG),EX,1,100000,,22400,77600,TOPED,,,
1909,4/25/2022,J.01.2204.0236,CASH,4/25/2022,NOVIE TANUDJAJA,0,0,0,0,,,9.78624E+12,9.78624E+12,MAMA BEAR APOLOGETICS (APOLOGETIKA MAMA BERUANG),EX,1,100000,100,100000,0,FREE,,,
1970,4/27/2022,J.01.2204.0302,CASH,4/27/2022,PDT. YOSHUA CHENDANA,0,0,7000,7000,,,9.78624E+12,9.78624E+12,TUJUH LANGKAH MENYUSUN KHOTBAH YANG MENGUBAH KEHIDUPAN: KHOTBAH EKSPOSITORI,EX,2,120000,100,120000,0,WAHANA,,,
2124,5/16/2022,J.01.2205.0260,CASH,5/16/2022,TIFFANY,0,0,0,0,,,9.78624E+12,9.78624E+12,TUJUH LANGKAH MENYUSUN KHOTBAH YANG MENGUBAH KEHIDUPAN: KHOTBAH EKSPOSITORI,EX,1,120000,100,120000,0,FREE BOOK,,,
2130,5/17/2022,J.01.2205.0082,CASH,5/17/2022,SINODE GKKA (UP:IBU XENIA),0,0,0,0,,,9.78624E+12,9.78624E+12,TUJUH LANGKAH MENYUSUN KHOTBAH YANG MENGUBAH KEHIDUPAN: KHOTBAH EKSPOSITORI,EX,0,120000,,0,0,,,,
2231,5/27/2022,J.01.2205.0183,CASH,5/27/2022,SENAS AUDI,0,0,7000,7000,,,9.78624E+12,9.78624E+12,TUJUH LANGKAH MENYUSUN KHOTBAH YANG MENGUBAH KEHIDUPAN: KHOTBAH EKSPOSITORI,EX,2,120000,100,120000,0,JNE FREE BOOK PAK BENNY,,,
2325,6/7/2022,RJ.2206-0001,cash,6/7/2022,GITHA,-100000,0,0,-100000,,,9.78624E+12,9.78624E+12,TUJUH LANGKAH MENYUSUN KHOTBAH YANG MENGUBAH KEHIDUPAN: KHOTBAH EKSPOSITORI,EX,1,120000,,20000,-100000,RETUR J.01.2204.0711,,,
2352,6/10/2022,J.01.2206.0063,CASH,6/10/2022,MARNIATI LORU,0,0,8000,8000,,,9.78602E+12,9.78602E+12,FOLLOW ME,EX,1,65000,100,65000,0,VOUCHER 75.000,,,
2390,6/13/2022,J.01.2206.0086,CASH,6/13/2022,FRANSISKUS WILSON SAKTI BELAGU WAU,0,0,0,0,,,PERSPECTIVESSG,PERSPECTIVESSG.1,PERSPECTIVES STUDY GUIDE,EX,1,0,,0,0,,,,
2398,6/14/2022,J.01.2206.0089,1 HARI,6/15/2022,ASTRID TANJUNG,300000,0,45000,345000,,,PERSPECTIVESSG,PERSPECTIVESSG.1,PERSPECTIVES STUDY GUIDE,EX,1,0,,0,0,WA JNE,,,
2455,6/16/2022,J.01.2206.0144,CASH,6/16/2022,WORO AYU TAKA,0,0,0,0,,,9.78602E+12,9786021854785.6.2,THE SACRED SEARCH CU 6,EX,0,65000,50,32500,0,STAF DIBAYAR MIMA DOCUPACK,,,
2478,6/17/2022,J.01.2206.0167,CASH,6/17/2022,MILANIA MARCHANA DULE,0,0,10000,10000,,,9.78602E+12,9.78602E+12,BAHAN PA : MENCARI KEHENDAK TUHAN,EX,1,25000,100,25000,0,WA (DOKUPACK) VOUCHER 75.000,,,
2604,6/20/2022,J.01.2206.0194,CASH,6/20/2022,PDT. ALEX NANLOHY,0,0,0,0,,,9.78624E+12,9.78624E+12,DARI PEGUNUNGAN KARMEL HINGGA LAUTAN HINDIA,EX,1,65000,100,65000,0,FREE BOOK /WAHANA,,,
2605,6/20/2022,J.01.2206.0195,CASH,6/20/2022,BASAR DANIEL,0,0,0,0,,,9.78624E+12,9.78624E+12,DARI PEGUNUNGAN KARMEL HINGGA LAUTAN HINDIA,EX,1,65000,100,65000,0,BOOK FREE/WAHANA,,,
2607,6/20/2022,J.01.2206.0197,CASH,6/20/2022,IRENE GUNAWAN,0,0,0,0,,,9.78624E+12,9.78624E+12,DARI PEGUNUNGAN KARMEL HINGGA LAUTAN HINDIA,EX,1,65000,100,65000,0,FREE BOOK/WAHANA,,,
2609,6/20/2022,J.01.2206.0199,CASH,6/20/2022,KAK ITA SIREGAR,0,0,0,0,,,9.78624E+12,9.78624E+12,DARI PEGUNUNGAN KARMEL HINGGA LAUTAN HINDIA,EX,2,65000,100,65000,0,FREE BOOK/DOCUPACK,,,
2620,6/20/2022,J.01.2206.0211,1 HARI,6/21/2022,BPK. JOHAN SETIAWAN,0,0,0,0,,,9.78624E+12,9.78624E+12,DARI PEGUNUNGAN KARMEL HINGGA LAUTAN HINDIA,EX,1,65000,100,65000,0,FREE BOOK /WAHANA,,,
2623,6/20/2022,J.01.2206.0214,CASH,6/20/2022,MARIA TATIK,0,0,0,0,,,9.78624E+12,9.78624E+12,DARI PEGUNUNGAN KARMEL HINGGA LAUTAN HINDIA,EX,1,65000,100,65000,0,FREE BOOK/ MASUK PAKET TOPED ANDINA,,,
2625,6/20/2022,J.01.2206.0216,CASH,6/20/2022,GRACEA ELYDA SARAFET.S,0,0,0,0,,,9.78624E+12,9.78624E+12,DARI PEGUNUNGAN KARMEL HINGGA LAUTAN HINDIA,EX,1,65000,100,65000,0,FREE BOOK/KRM KE ALAMAT CHLARA,,,
2627,6/20/2022,J.01.2206.0218,CASH,6/20/2022,ENNY SETIANINGSIH,0,0,0,0,,,9.78624E+12,9.78624E+12,DARI PEGUNUNGAN KARMEL HINGGA LAUTAN HINDIA,EX,1,65000,100,65000,0,FREE BOOK/DIKRM BARANG PESANAN KAK ENY JNE,,,
2637,6/21/2022,J.01.2206.0226,CASH,6/21/2022,NIA MEGAHWATI1,0,0,0,0,,,9.78624E+12,9.78624E+12,DARI PEGUNUNGAN KARMEL HINGGA LAUTAN HINDIA,EX,1,65000,100,65000,0,FREE BOOK / MASUKKAN KE PESANAN NIA MEGAHWITA1 YG ISINYA 1,,,
2647,6/21/2022,J.01.2206.0236,CASH,6/21/2022,ASIMA ARTAULI SAGALA,0,0,0,0,,,9.78624E+12,9.78624E+12,DARI PEGUNUNGAN KARMEL HINGGA LAUTAN HINDIA,EX,1,65000,100,65000,0,FREE BOOK ASIMA DIMASUKKAN KE ALAMAT KRM SILVA SAGALA,,,
2671,6/23/2022,J.01.2206.0386,CASH,6/23/2022,PETERS KRISS (BP BERNARD Y.H),0,0,0,0,,,9.78624E+12,9.78624E+12,DARI PEGUNUNGAN KARMEL HINGGA LAUTAN HINDIA,EX,1,65000,100,65000,0,FREE,,,
2844,7/1/2022,J.01.2207.0003,CASH,7/1/2022,"NICO K, STAFF LIT",56260,0,0,56260,,,9.78602E+12,9.78602E+12,LETTERS TO THE CHURCH (SURAT KEPADA GEREJA),EX,1,58000,3,1740,56260,TOPED,,,
2999,7/6/2022,J.01.2207.0046,CASH,7/6/2022,DANIEL KUBIJANTO,300000,0,21000,321000,,,PERSPECTIVESSG,PERSPECTIVESSG.1,PERSPECTIVES STUDY GUIDE,EX,1,0,,0,0,WA WAHANA,,,
3129,7/13/2022,J.01.2207.0088,CASH,7/13/2022,ANNA YUNINGSIH,300000,0,21000,321000,,,PERSPECTIVESSG,PERSPECTIVESSG.1,PERSPECTIVES STUDY GUIDE,EX,1,0,,0,0,WA WAHANA,,,
3209,7/20/2022,J.01.2207.0289,CASH,7/20/2022,NIKEN RAHADI,0,0,21000,21000,,,PERSPECTIVES12,PERSPECTIVES12.1,PERSPECTIVES JILID 1 & 2,EX,1,300000,100,300000,0,FREE,,,
3218,7/22/2022,J.01.2207.0296,CASH,7/22/2022,IBU PDT. YUNELIS DRAHA,0,0,1440000,1440000,,,9.78624E+12,9.78624E+12,TUJUH LANGKAH MENYUSUN KHOTBAH YANG MENGUBAH KEHIDUPAN: KHOTBAH EKSPOSITORI,EX,200,120000,100,120000,0,,,,
3224,7/22/2022,J.01.2207.0302,CASH,7/22/2022,MARQUS,0,0,0,0,,,9.78603E+12,9786029670011.2.1,THE RADICAL DISCIPLE NEW COVER,EX,1,38000,100,38000,0,WAHANA FREE BOOK CR TANPA NOTA,,,
3306,8/1/2022,J.01.2208.0006,CASH,8/1/2022,SONTY DIANA,600000,0,42000,642000,,,PERSPECTIVESSG,PERSPECTIVESSG.1,PERSPECTIVES STUDY GUIDE,EX,2,0,,0,0,PERS WAHANA SONTY DAN REINO,,,
3323,8/1/2022,RJ.2208-0007,cash,8/1/2022,"NICO K, STAFF LIT",-56260,0,0,-56260,,,9.78602E+12,9.78602E+12,LETTERS TO THE CHURCH (SURAT KEPADA GEREJA),EX,1,58000,3,1740,-56260,retur J.01.2207.0003 (doble),,,
3327,8/2/2022,J.01.2208.0013,CASH,8/2/2022,ROFANS BELEAM HILISEBUA MANAO (BPR DANA NUSANTARA),0,0,27500,27500,,,PERSPECTIVESSG,PERSPECTIVESSG.1,PERSPECTIVES STUDY GUIDE,EX,1,0,,0,0,PERS SG LION JAGO,,,
3336,8/2/2022,J.01.2208.0022,CASH,8/2/2022,EDDY SOEWITO,0,0,5000,5000,,,PERSPECTIVESSG,PERSPECTIVESSG.1,PERSPECTIVES STUDY GUIDE,EX,1,0,,0,0,PERS SG WAHANA,,,
3338,8/2/2022,J.01.2208.0024,CASH,8/2/2022,DS RIA HULU,0,0,7000,7000,,,PERSPECTIVESSG,PERSPECTIVESSG.1,PERSPECTIVES STUDY GUIDE,EX,1,0,,0,0,PERS SG WAHANA,,,
3339,8/2/2022,J.01.2208.0025,CASH,8/2/2022,JAMES KANDOWANGKO,0,0,7000,7000,,,PERSPECTIVESSG,PERSPECTIVESSG.1,PERSPECTIVES STUDY GUIDE,EX,1,0,,0,0,PERS SG WAHANA,,,
3340,8/2/2022,J.01.2208.0026,CASH,8/2/2022,SATRIADI SANTOSA,0,0,7000,7000,,,PERSPECTIVESSG,PERSPECTIVESSG.1,PERSPECTIVES STUDY GUIDE,EX,1,0,,0,0,PERS SG WAHANA,,,
3341,8/2/2022,J.01.2208.0027,CASH,8/2/2022,SANTY HANDALIM,0,0,7000,7000,,,PERSPECTIVESSG,PERSPECTIVESSG.1,PERSPECTIVES STUDY GUIDE,EX,1,0,,0,0,PERS SG WAHANA,,,
3473,8/8/2022,J.01.2208.0060,CASH,8/8/2022,DAVID AGUSTINUS URI (DAVE),0,0,7000,7000,,,PERSPECTIVESSG,PERSPECTIVESSG.1,PERSPECTIVES STUDY GUIDE,EX,1,0,,0,0,PERS,,,
3491,8/9/2022,J.01.2208.0071,CASH,8/9/2022,IBU PDT. YUNELIS DRAHA,0,0,1440000,1440000,,,9.78624E+12,9.78624E+12,TUJUH LANGKAH MENYUSUN KHOTBAH YANG MENGUBAH KEHIDUPAN: KHOTBAH EKSPOSITORI,EX,200,120000,100,120000,0,FREE JTR,,,
3512,8/11/2022,J.01.2208.0121,CASH,8/11/2022,SETYA RAHADI,0,0,7000,7000,,,PERSPECTIVESSG,PERSPECTIVESSG.1,PERSPECTIVES STUDY GUIDE,EX,1,0,,0,0,PERS WAHANA,,,
3559,8/13/2022,J.01.2208.0322,CASH,8/13/2022,"JL. SERSAN ANING NO 38, RT.5/7",50544,0,0,50544,,,9.78602E+12,9.78602E+12,FINALLY FREE (AKHIRNYA BEBAS),EX,1,65000,,14456,50544,SHOPEE,,,
3560,8/13/2022,J.01.2208.0323,CASH,8/13/2022,NANA..,63180,0,0,63180,,,9.78602E+12,9786021854785.6.2,THE SACRED SEARCH CU 6,EX,1,65000,,1820,63180,SHOPEE,,,
3634,8/18/2022,J.01.2208.0216,CASH,8/18/2022,DESIANA,0,0,0,0,,,9.78602E+12,9.78602E+12,FINALLY FREE (AKHIRNYA BEBAS),EX,1,65000,100,65000,0,FREE BOOK ROOMLINE,,,
3635,8/18/2022,J.01.2208.0217,CASH,8/18/2022,"HEZRA SEINI RUBA BALIK (JL. LODAN DALAM RT. 03/RW 8 ANCOL, PADEMANGAN)",0,0,0,0,,,9.78602E+12,9.78602E+12,FINALLY FREE (AKHIRNYA BEBAS),EX,1,65000,100,65000,0,FREE BOOK,,,
3720,8/22/2022,J.01.2208.0241,CASH,8/22/2022,BASAR DANIEL,0,0,0,0,,,9.78624E+12,9.78624E+12,HIDUP BERHASIL DALAM DUNIA YANG TOKSIK (MEMAHAMI KITAB DANIEL),EX,1,78000,100,78000,0,FREE BOOK APRESIASI NARSUM ROOMLINE 20/8/22,,,
3852,8/29/2022,J.01.2208.0120,CASH,8/29/2022,JEFFREY SIAUW,0,0,0,0,,,9.78624E+12,9.78624E+12,ANALOG CHURCH (GEREJA ANALOG),EX,1,78000,100,78000,0,FREE,,,
3972,9/1/2022,RJ.2209-0058,cash,9/1/2022,NANA..,-63180,0,0,-63180,,,9.78602E+12,9786021854785.6.2,THE SACRED SEARCH CU 6,EX,1,65000,,1820,-63180,RETUR J.01.2208.0323,,,
3973,9/1/2022,RJ.2209-0059,cash,9/1/2022,"JL. SERSAN ANING NO 38, RT.5/7",-50544,0,0,-50544,,,9.78602E+12,9.78602E+12,FINALLY FREE (AKHIRNYA BEBAS),EX,1,65000,,14456,-50544,RETUR J.01.2208.0322,,,
4000,9/1/2022,RJ.2209-0086,cash,9/1/2022,"TIMOTHY,",-77600,0,0,-77600,,,9.78624E+12,9.78624E+12,MAMA BEAR APOLOGETICS (APOLOGETIKA MAMA BERUANG),EX,1,100000,,22400,-77600,RETUR J.01.2204.0631,,,
4002,9/2/2022,J.01.2209.0014,CASH,9/2/2022,"IMARIA AGUSTIANY SIMANJUNTAK,",0,0,0,0,,,9.78602E+12,9.78602E+12,THE GREAT OMISSION (PENGABAIAN AGUNG),EX,1,60000,100,60000,0,FREE BOOK,,,
4031,9/5/2022,J.01.2209.0025,CASH,9/5/2022,TIFANI HUTAGALUNG (CASABLANCA EAST RESIDENCE (TOWER AB LANTAI 10 NOMOR 28)),0,0,0,0,,,9.78624E+12,9.78624E+12,ANALOG CHURCH (GEREJA ANALOG),EX,1,78000,100,78000,0,,,,
4094,9/23/2022,J.01.2209.0133,CASH,9/23/2022,FINILON (WILDA),0,0,0,0,,,9.78602E+12,9.78602E+12,THE EMOTIONALLY HEALTHY WOMAN,EX,1,60000,100,60000,0,WAHANA,,,
4325,10/4/2022,J.01.2210.0014,CASH,10/4/2022,EV. ISNAENI BILA,0,0,49000,49000,,,9.78624E+12,9.78624E+12,TUJUH LANGKAH MENYUSUN KHOTBAH YANG MENGUBAH KEHIDUPAN: KHOTBAH EKSPOSITORI,EX,1,120000,100,120000,0,FREE LION JAGOPACK,,,
4326,10/4/2022,J.01.2210.0015,CASH,10/4/2022,EMIL SALIM,0,0,0,0,,,9.78602E+12,9.78602E+12,RELIGION AND THE SCIENCES OF ORIGINS (AGAMA DAN SAINS ASAL-USUL),EX,1,110000,100,110000,0,FREE,,,
4437,10/10/2022,RJ.2210-0001,cash,10/10/2022,IBU PDT. YUNELIS DRAHA,0,0,0,0,,,9.78624E+12,9.78624E+12,TUJUH LANGKAH MENYUSUN KHOTBAH YANG MENGUBAH KEHIDUPAN: KHOTBAH EKSPOSITORI,EX,10,120000,100,120000,0,retur J.01.2208.0071,,,
4511,10/17/2022,J.01.2210.0137,CASH,10/17/2022,WILDA (YUME),0,0,0,0,,,9.78624E+12,9.78624E+12,HIDUP BERHASIL DALAM DUNIA YANG TOKSIK (MEMAHAMI KITAB DANIEL),EX,1,78000,100,78000,0,FREE,,,
4515,10/17/2022,RJ.2210-0002,cash,10/17/2022,IBU PDT. YUNELIS DRAHA,0,0,0,0,,,9.78624E+12,9.78624E+12,TUJUH LANGKAH MENYUSUN KHOTBAH YANG MENGUBAH KEHIDUPAN: KHOTBAH EKSPOSITORI,EX,146,120000,100,120000,0,retur J.01.2207.0296,,,
4643,11/7/2022,J.01.2211.0014,1 HARI,11/8/2022,NOVITA SARI H,0,0,0,0,,,9.78624E+12,9.78624E+12,EVERYBODYS NORMAL TILL YOU GET TO KNOW THEM (SEMUA ORANG NORMAL SEBELUM ANDA MENGENAL MEREKA),EX,1,98000,100,98000,0,FREE BUKU UNTUK NOVITA/ DIBAWA KE JKT,,,
4754,11/16/2022,J.01.2211.0065,CASH,11/16/2022,ABIGAIL ERICKSON,0,0,0,0,,,11112022,11112022.1,PRIBADI YANG DIJANJIKAN,EX,20,40000,100,40000,0,UNTUK CT,,,
4765,11/21/2022,J.01.2211.0131,CASH,11/21/2022,KAK AUDY,0,0,0,0,,,9.78602E+12,9.78602E+12,THE EMOTIONALLY HEALTHY WOMAN,EX,1,60000,100,60000,0,FREE,,,
4854,11/28/2022,J.01.2211.0147,CASH,11/28/2022,"IVAN KWANANDA,",0,0,0,0,,,9.78624E+12,9.78624E+12,HOLLYWOOD HEROES (PAHLAWAN-PAHLAWAN HOLLYWOOD),EX,1,90000,100,90000,0,FREE,,,
4884,11/30/2022,J.01.2211.0213,CASH,11/30/2022,WILDA (YUME),0,0,0,0,,,9.78624E+12,9.78624E+12,EVERYBODYS NORMAL TILL YOU GET TO KNOW THEM (SEMUA ORANG NORMAL SEBELUM ANDA MENGENAL MEREKA),EX,1,98000,100,98000,0,FREE,,,
4947,12/16/2022,J.01.2212.0099,CASH,12/16/2022,JULIUS MANULLANG,0,0,0,0,,,9.78624E+12,9.78624E+12,HIDUP BERHASIL DALAM DUNIA YANG TOKSIK (MEMAHAMI KITAB DANIEL),EX,1,78000,100,78000,0,HADIAH,,,
4950,12/16/2022,J.01.2212.0102,CASH,12/16/2022,"NOVIA ANGELIA ROBERT,",0,0,0,0,,,9.78624E+12,9.78624E+12,HIDUP BERHASIL DALAM DUNIA YANG TOKSIK (MEMAHAMI KITAB DANIEL),EX,1,78000,100,78000,0,HADIAH,,,
4972,12/20/2022,J.01.2212.0121,CASH,12/20/2022,PDT. WAHYU PRAMUDYA,0,0,0,0,,,9.78624E+12,9.78624E+12,BUKAN SEKADAR KATA-KATA,EX,2,120000,100,120000,0,GRATIS IPM,,,
4973,12/20/2022,J.01.2212.0122,CASH,12/20/2022,"PDT. HARI SOEGIANTO,",0,0,0,0,,,9.78624E+12,9.78624E+12,BUKAN SEKADAR KATA-KATA,EX,3,120000,100,120000,0,GRATIS IPM,,,
4974,12/20/2022,J.01.2212.0123,CASH,12/20/2022,"PDT. FRI SUHANDY,",0,0,0,0,,,9.78624E+12,9.78624E+12,BUKAN SEKADAR KATA-KATA,EX,2,120000,100,120000,0,GRATIS IPM,,,
4975,12/20/2022,J.01.2212.0124,CASH,12/20/2022,"PDT. DAVID KOSASIH,",0,0,0,0,,,9.78624E+12,9.78624E+12,BUKAN SEKADAR KATA-KATA,EX,2,120000,100,120000,0,GRATIS IPM,,,
4976,12/20/2022,J.01.2212.0125,CASH,12/20/2022,PDT. YUNITA L.,0,0,0,0,,,9.78624E+12,9.78624E+12,BUKAN SEKADAR KATA-KATA,EX,2,120000,100,120000,0,GRATIS IPM,,,
4977,12/20/2022,J.01.2212.0126,CASH,12/20/2022,BPK. ADHI,0,0,0,0,,,9.78624E+12,9.78624E+12,BUKAN SEKADAR KATA-KATA,EX,5,120000,100,120000,0,GRATIS IPM,,,
4978,12/20/2022,J.01.2212.0127,CASH,12/20/2022,BPK. SUHANDRI L.,0,0,0,0,,,9.78624E+12,9.78624E+12,BUKAN SEKADAR KATA-KATA,EX,2,120000,100,120000,0,GRATIS IPM,,,
4979,12/20/2022,J.01.2212.0128,CASH,12/20/2022,PDT. AAN,0,0,0,0,,,9.78624E+12,9.78624E+12,BUKAN SEKADAR KATA-KATA,EX,3,120000,100,120000,0,GRATIS IPM,,,
4980,12/20/2022,J.01.2212.0129,CASH,12/20/2022,EV. MARIA FENITA,0,0,0,0,,,9.78624E+12,9.78624E+12,BUKAN SEKADAR KATA-KATA,EX,2,120000,100,120000,0,GRATIS IPM,,,
4981,12/20/2022,J.01.2212.0130,CASH,12/20/2022,PDT. NYOMAN WIDIANTARA,0,0,0,0,,,9.78624E+12,9.78624E+12,BUKAN SEKADAR KATA-KATA,EX,3,120000,100,120000,0,GRATIS IPM,,,
4982,12/20/2022,J.01.2212.0131,CASH,12/20/2022,EDDY ATENG,0,0,0,0,,,9.78624E+12,9.78624E+12,BUKAN SEKADAR KATA-KATA,EX,10,120000,100,120000,0,GRATIS IPM,,,
4983,12/20/2022,J.01.2212.0132,CASH,12/20/2022,IBU NATALIA WIJAYA,0,0,0,0,,,9.78624E+12,9.78624E+12,BUKAN SEKADAR KATA-KATA,EX,10,120000,100,120000,0,GRATIS IPM,,,
4984,12/20/2022,J.01.2212.0133,CASH,12/20/2022,PDT. RONNY LIE,0,0,0,0,,,9.78624E+12,9.78624E+12,BUKAN SEKADAR KATA-KATA,EX,2,120000,100,120000,0,GRATIS IPM,,,
5009,12/29/2022,J.01.2212.0154,CASH,12/29/2022,CHRISTINA SOETRISNO (MISS NINA),0,0,0,0,,,9.78624E+12,9.78624E+12,BUKAN SEKADAR KATA-KATA,EX,1,120000,100,120000,0,HADIAH,,,
46,1/7/2023,J.01.2301.0084,CASH,1/7/2023,PA INTEGRITAS,52488,0,0,52488,,,9.78602E+12,9.78602E+12,PA KEPEMIMPINAN KRISTEN,EX,1,27000,,756,26244,SHOPEE,,,
136,1/16/2023,J.01.2301.0118,CASH,1/16/2023,YANTI SNG,0,0,0,0,,,9.78624E+12,9.78624E+12,BUKAN SEKADAR KATA-KATA,EX,1,120000,100,120000,0,FREE,,,
148,1/17/2023,J.01.2301.0130,CASH,1/17/2023,IVP USA,0,0,0,0,,,9.78624E+12,9.78624E+12,ANALOG CHURCH (GEREJA ANALOG),EX,2,78000,100,78000,0,POS,,,
404,2/22/2023,J.01.2302.0144,CASH,2/22/2023,MISS NANING,28000,0,0,28000,,,9.78602E+12,9.78602E+12,TOKOH PEREMPUAN DALAM PERJANJIAN LAMA,EX,1,28000,,0,28000,WAHANA (KAK DIAZ),,,
546,3/13/2023,RJ.2303-0002,cash,3/13/2023,MISS NANING,-28000,0,0,-28000,,,9.78602E+12,9.78602E+12,TOKOH PEREMPUAN DALAM PERJANJIAN LAMA,EX,1,28000,,0,-28000,J.01.2302.0144,,,
595,3/23/2023,J.01.2303.0088,CASH,3/23/2023,INTERVARSITY PRESS (ATTN: AMANDA KEESEE),0,0,0,0,,,9.78624E+12,9.78624E+12,ANALOG CHURCH (GEREJA ANALOG),EX,4,78000,100,78000,0,,,,
646,3/30/2023,J.01.2303.0158,CASH,3/30/2023,JONATHAN SALUSU INV/20230329/MPL/3141235557,74490,0,0,74490,,,9.78624E+12,9.78624E+12,HIDUP BERHASIL DALAM DUNIA YANG TOKSIK (MEMAHAMI KITAB DANIEL),EX,1,78000,4.5,3510,74490,TOPED,,,
687,3/31/2023,J.01.2303.0198,CASH,3/31/2023,ADESINTIA MERLIN,62205,0,0,62205,,,9.78602E+12,9786021854785.6.2,THE SACRED SEARCH CU 6,EX,1,65000,,2795,62205,SHOPEE,,,
717,4/4/2023,J.01.2304.0008,CASH,4/4/2023,JULIUS MANULLANG,0,0,0,0,,,9.78602E+12,9.78602E+12,2084,EX,1,63000,100,63000,0,FREE,,,
785,4/21/2023,J.01.2304.0086,CASH,4/21/2023,MARSITA P,117120,0,0,117120,,,9.78602E+14,9.78602E+14,SEVEN DAYS THAT DIVIDE THE WORLD,EX,1,65000,8.5,5525,59475,TOPED,,,
808,4/30/2023,J.01.2305.0030,CASH,4/30/2023,JANSENANDREAS97 2304048UAUF4KN,62205,0,0,62205,,,9.78602E+12,9786021854785.6.2,THE SACRED SEARCH CU 6,EX,1,65000,,2795,62205,SHOPEE,,,
809,4/30/2023,J.01.2305.0031,CASH,4/30/2023,EDWARDPELMELAY 23040491G7MQMY,62205,0,0,62205,,,9.78602E+12,9786021854785.6.2,THE SACRED SEARCH CU 6,EX,1,65000,,2795,62205,SHOPEE,,,
810,4/30/2023,J.01.2305.0034,CASH,4/30/2023,DEWI49999 230405A2J8WSBA,148335,0,0,148335,,,9.78602E+12,9786021854785.6.2,THE SACRED SEARCH CU 6,EX,1,65000,,2795,62205,SHOPEE,,,
811,4/30/2023,J.01.2305.0035,CASH,4/30/2023,KYRAURORA 230405B4QHJR2B,62205,0,0,62205,,,9.78602E+12,9786021854785.6.2,THE SACRED SEARCH CU 6,EX,1,65000,,2795,62205,SHOPEE,,,
812,4/30/2023,J.01.2305.0036,CASH,4/30/2023,BERTINA201 230406DVTPBV9M,62205,0,0,62205,,,9.78602E+12,9.78602E+12,THE END OF ME,EX,1,65000,,2795,62205,SHOPEE,,,
813,4/30/2023,J.01.2305.0037,CASH,4/30/2023,4T4M4 230408JFPQGTGT,179916,0,0,179916,,,9.78624E+12,9.78624E+12,MAMA BEAR APOLOGETICS (APOLOGETIKA MAMA BERUANG),EX,1,100000,,4300,95700,SHOPEE,,,
839,4/30/2023,J.01.2305.0063,CASH,4/30/2023,THERESABRITANIA 2304264517P85U,0,0,0,0,,,9.78602E+12,9.78602E+12,DIVINE DIRECTION,EX,1,60000,100,60000,0,SHOPEE,,,
851,4/30/2023,RJ.2304-0001,cash,4/30/2023,JANSENANDREAS97 2304048UAUF4KN,-62205,0,0,-62205,,,9.78602E+12,9786021854785.6.2,THE SACRED SEARCH CU 6,EX,1,65000,,2795,-62205,doubel J.01.2303.0206,,,
852,4/30/2023,RJ.2304-0002,cash,4/30/2023,EDWARDPELMELAY 23040491G7MQMY,-62205,0,0,-62205,,,9.78602E+12,9786021854785.6.2,THE SACRED SEARCH CU 6,EX,1,65000,,2795,-62205,doubel,,,
853,4/30/2023,RJ.2304-0003,cash,4/30/2023,DEWI49999 230405A2J8WSBA,-148335,0,0,-148335,,,9.78602E+12,9786021854785.6.2,THE SACRED SEARCH CU 6,EX,1,65000,,2795,-62205,double J.01.2303.0207,,,
854,4/30/2023,RJ.2304-0004,cash,4/30/2023,KYRAURORA 230405B4QHJR2B,-62205,0,0,-62205,,,9.78602E+12,9786021854785.6.2,THE SACRED SEARCH CU 6,EX,1,65000,,2795,-62205,double J.01.2303.0209,,,
855,4/30/2023,RJ.2304-0005,cash,4/30/2023,BERTINA201 230406DVTPBV9M,-62205,0,0,-62205,,,9.78602E+12,9.78602E+12,THE END OF ME,EX,1,65000,,2795,-62205,double J.01.2303.0208,,,
856,4/30/2023,RJ.2304-0006,cash,4/30/2023,4T4M4 230408JFPQGTGT,-179916,0,0,-179916,,,9.78624E+12,9.78624E+12,MAMA BEAR APOLOGETICS (APOLOGETIKA MAMA BERUANG),EX,1,100000,,4300,-95700,double J.01.2302.0157,,,
900,5/8/2023,J.01.2305.0015,CASH,5/8/2023,PDT. YUSUP A. LIFIRE,0,0,21000,21000,,,PERSPECTIVESSG,PERSPECTIVESSG.1,PERSPECTIVES STUDY GUIDE,EX,1,0,,0,0,WA,,,
946,5/19/2023,J.01.2305.0108,CASH,5/19/2023,YU UN OPPUSUNGGU,0,0,7000,7000,,,9.78624E+12,9.78624E+12,TITIK TEMU II: PERGUMULAN IMAN MENAPAKI KEBAIKAN BERSAMA,EX,1,65000,100,65000,0,FREE BOOK,,,
948,5/19/2023,J.01.2305.0110,CASH,5/19/2023,KEVIN NOBEL KURNIAWAN,0,0,7000,7000,,,9.78624E+12,9.78624E+12,TITIK TEMU II: PERGUMULAN IMAN MENAPAKI KEBAIKAN BERSAMA,EX,1,65000,100,65000,0,FREE BOOK,,,
971,5/24/2023,J.01.2305.0148,CASH,5/24/2023,LENA (YUSTINUS LAIA),0,0,33500,33500,,,9.78624E+12,9.78624E+12,TITIK TEMU II: PERGUMULAN IMAN MENAPAKI KEBAIKAN BERSAMA,EX,1,65000,100,65000,0,FREE JAGOPACK,,,
995,5/27/2023,J.01.2305.0220,CASH,5/27/2023,_IDINNN_ 2305303TVM83QM,47850,0,0,47850,,,9.78602E+12,9.78602E+12,GOSPEL IN LIFE (INJIL DALAM KEHIDUPAN),EX,1,50000,4.3,2150,47850,SHOPEE,,,
996,5/27/2023,RJ.2305-0001,cash,5/27/2023,_IDINNN_ 2305303TVM83QM,-47850,0,0,-47850,,,9.78602E+12,9.78602E+12,GOSPEL IN LIFE (INJIL DALAM KEHIDUPAN),EX,1,50000,4.3,2150,-47850,batal,,,
1180,6/19/2023,J.01.2306.0101,CASH,6/19/2023,BENYARIS PARDOSI,0,0,0,0,,,9.78624E+12,9.78624E+12,LETS GO,EX,1,70000,100,70000,0,FREE,,,
1242,6/30/2023,J.01.2306.0162,CASH,6/30/2023,MARGARETSCB 230604H252BPYT,140896,0,0,140896,,,9.78624E+12,9.78624E+12,KATALISATOR GEREJA UNTUK BERUBAH DAN BERBUAH,EX,2,45000,,21200,47600,SHOPEE,,,
1263,6/30/2023,J.01.2306.0183,CASH,6/30/2023,FELIRIUSWARUWU 230606P222A7K3,33320,0,0,33320,,,9.78624E+12,9.78624E+12,KATALISATOR GEREJA UNTUK BERUBAH DAN BERBUAH,EX,1,45000,,11680,33320,SHOPEE,,,
1269,6/30/2023,J.01.2306.0189,CASH,6/30/2023,LZF8A0D9DT 230606P7FPCYC9,25704,0,0,25704,,,9.78602E+12,9.78602E+12,PA KEPEMIMPINAN KRISTEN,EX,1,27000,,1296,25704,SHOPEE,,,
1376,6/30/2023,RJ.2306-0001,cash,6/30/2023,MARGARETSCB 230604H252BPYT,-140896,0,0,-140896,,,9.78624E+12,9.78624E+12,KATALISATOR GEREJA UNTUK BERUBAH DAN BERBUAH,EX,2,45000,,21200,-47600,batal,,,
1379,6/30/2023,RJ.2306-0004,cash,6/30/2023,FELIRIUSWARUWU 230606P222A7K3,-33320,0,0,-33320,,,9.78624E+12,9.78624E+12,KATALISATOR GEREJA UNTUK BERUBAH DAN BERBUAH,EX,1,45000,,11680,-33320,BATAL,,,
1380,6/30/2023,RJ.2306-0005,cash,6/30/2023,LZF8A0D9DT 230606P7FPCYC9,-25704,0,0,-25704,,,9.78602E+12,9.78602E+12,PA KEPEMIMPINAN KRISTEN,EX,1,27000,,1296,-25704,BATAL,,,
1434,7/5/2023,J.01.2307.0053,CASH,7/5/2023,FANDO,0,0,0,0,,,9.78624E+12,9.78624E+12,KEBAIKAN DAN KEINDAHAN PEMURIDAN,EX,1,150000,100,150000,0,GRATIS (LAYOUTER),,,
1435,7/5/2023,J.01.2307.0054,CASH,7/5/2023,BUNGA.,0,0,0,0,,,9.78624E+12,9.78624E+12,KEBAIKAN DAN KEINDAHAN PEMURIDAN,EX,1,150000,100,150000,0,GRATIS (LAYOUTER),,,
1458,7/6/2023,J.01.2307.0078,CASH,7/6/2023,RIO DWISANDY,0,0,0,0,,,9.78624E+12,9.78624E+12,LETS GO,EX,1,70000,100,70000,0,GRATIS (LAYOUTER),,,
1482,7/10/2023,J.01.2307.0105,CASH,7/10/2023,"PDT. YAKUB SUSABDA, PH.D.",0,0,0,0,,,9.78624E+12,9.78624E+12,KEBAIKAN DAN KEINDAHAN PEMURIDAN,EX,1,150000,100,150000,0,FREE,,,
1603,7/26/2023,J.01.2307.0227,CASH,7/26/2023,KING RAJA,0,0,98000,98000,,,PERSPECTIVESSG,PERSPECTIVESSG.1,PERSPECTIVES STUDY GUIDE,EX,3,0,,0,0,"UNTUK KING RAJA, EMILIANO, NESPIKA",,,
1644,7/29/2023,J.01.2307.0267,CASH,7/29/2023,NATHANDANNY 230701TD8K2RA2,663850,0,0,663850,,,9.78624E+12,9.78624E+12,EVERYBODYS NORMAL TILL YOU GET TO KNOW THEM (SEMUA ORANG NORMAL SEBELUM ANDA MENGENAL MEREKA),EX,2,98000,,98000,0,SHOPEE,,,
1670,7/29/2023,J.01.2307.0293,CASH,7/29/2023,230708EMG8RQWT CHRIS07CROSS,182824,0,0,182824,,,9.78602E+12,9.78602E+12,THE PATH BETWEEN US,EX,2,55000,,3700,102600,SHOPEE,,,
1762,7/29/2023,RJ.2307-0001,cash,7/29/2023,230708EMG8RQWT CHRIS07CROSS,-182824,0,0,-182824,,,9.78602E+12,9.78602E+12,THE PATH BETWEEN US,EX,2,55000,,3700,-102600,BATAL,,,
1794,8/1/2023,J.01.2308.0001,CASH,8/1/2023,AGUS ANEN RITONGA & TATI FERIANA SIHOMBING,0,0,39000,39000,,,PERSPECTIVESSG,PERSPECTIVESSG.1,PERSPECTIVES STUDY GUIDE,EX,2,0,,0,0,PERS SG WAHANA,,,
1796,8/1/2023,J.01.2308.0003,CASH,8/1/2023,YUGA PAMAHAYU WIDHI,0,0,7000,7000,,,PERSPECTIVESSG,PERSPECTIVESSG.1,PERSPECTIVES STUDY GUIDE,EX,1,0,,0,0,PERS SG WAHANA,,,
1833,8/8/2023,J.01.2308.0028,CASH,8/8/2023,INV /20230808/MPL/3390393994 LEVIN HARYADI,62220,0,0,62220,,,9.78602E+12,9.78602E+12,DONT GIVE UP (JANGAN MENYERAH),EX,1,68000,8.5,5780,62220,TOPED,,,
1841,8/8/2023,RJ.2308-0001,cash,8/8/2023,INV /20230808/MPL/3390393994 LEVIN HARYADI,-62220,0,0,-62220,,,9.78602E+12,9.78602E+12,DONT GIVE UP (JANGAN MENYERAH),EX,1,68000,8.5,5780,-62220,double J.01.2308.0093,,,
1877,8/18/2023,J.01.2308.0081,CASH,8/18/2023,ANDREAS SEMBIRING,0,0,7000,7000,,,PERSPECTIVESSG,PERSPECTIVESSG.1,PERSPECTIVES STUDY GUIDE,EX,1,0,,0,0,WA (WAHANA) SG,,,
1943,8/20/2023,J.01.2308.0220,CASH,8/20/2023,2308204YASGWTY INTANANGELIE12,41304,0,0,41304,,,9.78602E+12,9.78602E+12,GRACE IS GREATER,EX,1,52000,,10696,41304,SHOPEE,,,
1958,8/20/2023,RJ.2308-0002,cash,8/20/2023,2308204YASGWTY INTANANGELIE12,-41304,0,0,-41304,,,9.78602E+12,9.78602E+12,GRACE IS GREATER,EX,1,52000,,10696,-41304,batal,,,
2291,9/30/2023,J.01.2309.0198,CASH,9/30/2023,230928G4MP8T2V JOEALBERTIAN_,67097,0,0,67097,,,9.78624E+12,9.78624E+12,LETS GO,EX,1,70000,,2903,67097,SHOPEE,,,
2299,9/30/2023,RJ.2309-0001,cash,9/30/2023,230928G4MP8T2V JOEALBERTIAN_,-67097,0,0,-67097,,,9.78624E+12,9.78624E+12,LETS GO,EX,1,70000,,2903,-67097,BATAL,,,
2352,10/5/2023,J.01.2310.0021,CASH,10/5/2023,BRILIANT BYOTENEGA,0,0,0,0,,,9.78624E+12,9.78624E+12,MENGHIDUPI INJIL & MENGINJILI HIDUP,EX,1,75000,100,75000,0,FREE,,,
2353,10/5/2023,J.01.2310.0022,CASH,10/5/2023,"ITA SIREGAR,",0,0,0,0,,,9.78624E+12,9.78624E+12,THE GOOD AND THE BEAUTIFUL YOU (ANDA YANG BAIK DAN INDAH),EX,1,98000,100,98000,0,FREE,,,
2403,10/11/2023,J.01.2310.0073,CASH,10/11/2023,VERONIKA....,0,0,0,0,,,9.78624E+12,9.78624E+12,THE GOOD AND THE BEAUTIFUL YOU (ANDA YANG BAIK DAN INDAH),EX,1,98000,100,98000,0,FREE BOOK,,,
2404,10/11/2023,J.01.2310.0074,CASH,10/11/2023,EGARIA FLORENCI BR BATUNANGGAR,0,0,0,0,,,9.78624E+12,9.78624E+12,THE GOOD AND THE BEAUTIFUL YOU (ANDA YANG BAIK DAN INDAH),EX,1,98000,100,98000,0,FREE BOOK,,,
2438,10/17/2023,J.01.2310.0128,CASH,10/17/2023,ETIS NEHE ..,59475,0,0,59475,,,9.78624E+12,9.78624E+12,SPIRITUAL FORMATION,EX,1,65000,8.5,5525,59475,TOKOPEDIA,,,
2441,10/17/2023,RJ.2310-0004,cash,10/17/2023,ETIS NEHE ..,-59475,0,0,-59475,,,9.78624E+12,9.78624E+12,SPIRITUAL FORMATION,EX,1,65000,8.5,5525,-59475,double J.01.2310.0269,,,
2909,11/19/2023,J.01.2311.0196,CASH,11/19/2023,2311191Y22AX7T,38080,0,0,38080,,,9.78602E+12,9.78602E+12,GOOD NEWS OF GREAT JOY (KABAR BAIK TENTANG KESUKAAN BESAR),EX,1,40000,,1920,38080,SHOPEE,,,
2922,11/19/2023,RJ.2311-0003,cash,11/19/2023,2311191Y22AX7T,-38080,0,0,-38080,,,9.78602E+12,9.78602E+12,GOOD NEWS OF GREAT JOY (KABAR BAIK TENTANG KESUKAAN BESAR),EX,1,40000,,1920,-38080,BATAL,,,
2955,11/23/2023,J.01.2311.0144,30 HARI,12/23/2023,MOMENTUM JAKARTA,0,0,0,0,,,9.78603E+12,9786029670011.2.1,THE RADICAL DISCIPLE NEW COVER,EX,0,38000,,0,0,RESS,,,
3079,12/4/2023,J.01.2312.0042,CASH,12/4/2023,FELICIA N,0,0,0,0,,,9.78624E+12,9.78624E+12,KATALISATOR GEREJA UNTUK BERUBAH DAN BERBUAH,EX,1,45000,100,45000,0,FREE,,,
3104,12/8/2023,J.01.2312.0068,CASH,12/8/2023,PS. MICHAEL CHRISDION,0,0,0,0,,,9.78624E+12,9.78624E+12,GOSPEL WISDOM,EX,50,100000,100,100000,0,FREE PENULIS,,,
3330,12/31/2023,RJ.2312-0003,cash,12/31/2023,ADESINTIA MERLIN,-62205,0,0,-62205,,,9.78602E+12,9786021854785.6.2,THE SACRED SEARCH CU 6,EX,1,65000,,2795,-62205,retur J.01.2303.0198,,,
3331,12/31/2023,RJ.2312-0004,cash,12/31/2023,MARSITA P,-117120,0,0,-117120,,,9.78602E+14,97868.502185470919.1,SEVEN DAYS THAT DIVIDE THE WORLD,EX,1,65000,8.5,5525,-59475,retur double J.01.2304.0086,,,
3333,12/31/2023,RJ.2401-0001,cash,12/31/2023,PA INTEGRITAS,-52488,0,0,-52488,,,9.78602E+12,9.78602E+12,PA KEPEMIMPINAN KRISTEN,EX,1,27000,,756,-26244,double J.01.2301.0084,,,
3334,12/31/2023,RJ.2401-0002,cash,12/31/2023,JONATHAN SALUSU INV/20230329/MPL/3141235557,-74490,0,0,-74490,,,9.78624E+12,9.78624E+12,HIDUP BERHASIL DALAM DUNIA YANG TOKSIK (MEMAHAMI KITAB DANIEL),EX,1,78000,,3510,-74490,retur J.01.2303.0158,,,
219,1/22/2024,J.01.2401.0211,CASH,1/22/2024,NICHOLAS KURNIAWAN,0,0,0,0,,,9.78624E+12,9.78624E+12,KEBAIKAN DAN KEINDAHAN PEMURIDAN,EX,1,150000,100,150000,0,FREE,,,
330,2/5/2024,J.01.2402.0009,CASH,2/5/2024,EMERALDINE,0,0,11500,11500,,,PERSPECTIVESSG,PERSPECTIVESSG.1,PERSPECTIVES STUDY GUIDE,EX,1,0,,0,0,WA,,,
331,2/5/2024,J.01.2402.0011,CASH,2/5/2024,BUNGA.,0,0,0,0,,,9.78624E+12,9.78624E+12,MENGHIDUPI INJIL & MENGINJILI HIDUP,EX,1,75000,100,75000,0,WA,,,
424,2/20/2024,J.01.2402.0095,CASH,2/20/2024,GREGORIAN J,0,0,0,0,,,9.78624E+12,9.78624E+12,THE SACRED SEARCH 2.0,EX,1,75000,100,75000,0,GIVEAWAY,,,
426,2/20/2024,J.01.2402.0097,CASH,2/20/2024,ELIZABETH (WA),0,0,0,0,,,9.78624E+12,9.78624E+12,THE SACRED SEARCH 2.0,EX,1,75000,100,75000,0,GIVEAWAY,,,
427,2/20/2024,J.01.2402.0098,CASH,2/20/2024,EVELINE,0,0,0,0,,,9.78624E+12,9.78624E+12,THE SACRED SEARCH 2.0,EX,2,75000,100,75000,0,GIVEAWAY,,,
986,4/15/2024,J.01.2404.0063,CASH,4/15/2024,MARIA REBECCA,0,0,6000,6000,,,9.78624E+12,9.78624E+12,EVERYBODYS NORMAL TILL YOU GET TO KNOW THEM (SEMUA ORANG NORMAL SEBELUM ANDA MENGENAL MEREKA),EX,1,98000,100,98000,0,FREE BOOK,,,
987,4/15/2024,J.01.2404.0064,CASH,4/15/2024,PANDU WARTANING PUTRA,0,0,14500,14500,,,9.78624E+12,9.78624E+12,HOW TO FIND GOD (BAGAIMANA MENEMUKAN ALLAH),EX,1,62000,100,62000,0,FREE BOOK 100K,,,
1047,4/24/2024,J.01.2404.0123,CASH,4/24/2024,INV/20240424/MPL/3870083006 VALESKA HARIANJA,0,0,0,0,,,9789791338134A,9789791338134A.3,KETUHANAN KRISTUS,EX,0,21000,,0,0,TOPED (DOUBLE INPUT),,,
1215,5/10/2024,J.01.2405.0039,CASH,5/10/2024,PS. TRACY TRINITA,0,0,0,0,,,9.78602E+12,9.78602E+12,TOKOH PEREMPUAN DALAM PERJANJIAN LAMA,EX,1,28000,100,28000,0,,,,
1232,5/15/2024,J.01.2405.0055,CASH,5/15/2024,FELICIA N,0,0,0,0,,,9.78624E+12,9.78624E+12,MAMA BEAR APOLOGETICS (APOLOGETIKA MAMA BERUANG),EX,1,100000,100,100000,0,FREE,,,
1327,5/26/2024,J.01.2405.0217,CASH,5/26/2024,240531RYJNHB3E SHERLYANGELIKA,80070,0,0,80070,,,9.78602E+12,9.78602E+12,MAKING SENSE OF GOD,EX,1,85000,,4930,80070,SHOPEE,,,
1471,5/31/2024,J.01.2405.0180,CASH,5/31/2024,INV/20240531/MPL/3938857975 MS MAYA,0,0,0,0,,,9.78602E+12,9.78602E+12,NOT YET MARRIED,EX,1,65000,100,65000,0,TOPED,,,
1500,6/3/2024,J.01.2406.0089,CASH,6/3/2024,MELISSA RAMPEN,0,0,0,0,,,9.78624E+12,9.78624E+12,THE EMOTIONALLY DESTRUCTIVE RELATIONSHIP,EX,1,90000,100,90000,0,FREE BOOK PEMBICARA,,,
1504,6/3/2024,RJ.2406-0001,cash,6/3/2024,240531RYJNHB3E SHERLYANGELIKA,-80070,0,0,-80070,,,9.78602E+12,9.78602E+12,MAKING SENSE OF GOD,EX,1,85000,,4930,-80070,retur J.01.2405.0217,,,
1622,6/11/2024,J.01.2406.0099,CASH,6/11/2024,WHITNEY VANDENHEUVEL LICENSING DEPARTMENT COORDINATOR,0,0,0,0,,,9.78624E+12,9.78624E+12,10 PERTANYAAN YANG HARUS DITANYAKAN (DAN DIJAWAB) OLEH SETIAP REMAJA TENTANG KEKRISTENAN,EX,6,70000,100,70000,0,FREE COPIE PUBLISHER,,,
1793,7/1/2024,J.01.2407.0061,CASH,7/1/2024,TAN CHRISTIN,0,0,0,0,,,9.78624E+12,9.78624E+12,HOW TO FIND GOD (BAGAIMANA MENEMUKAN ALLAH),EX,1,62000,100,62000,0,FREE HOW TO FIND,,,
1794,7/1/2024,J.01.2407.0062,CASH,7/1/2024,MAIKEL ENGGELO EDEN KILLA,0,0,0,0,,,9.78624E+12,9.78624E+12,10 PERTANYAAN YANG HARUS DITANYAKAN (DAN DIJAWAB) OLEH SETIAP REMAJA TENTANG KEKRISTENAN,EX,1,70000,100,70000,0,10 PERTANYAAN FREE,,,
1795,7/1/2024,J.01.2407.0063,CASH,7/1/2024,IVAN KWANANDA.,0,0,0,0,,,9.78624E+12,9.78624E+12,HOW TO FIND GOD (BAGAIMANA MENEMUKAN ALLAH),EX,1,62000,100,62000,0,HOW TO FIND FREE GIFT,,,
1797,7/1/2024,J.01.2407.0065,CASH,7/1/2024,SHEREN JEANETTE,0,0,0,0,,,9.78624E+12,9.78624E+12,10 PERTANYAAN YANG HARUS DITANYAKAN (DAN DIJAWAB) OLEH SETIAP REMAJA TENTANG KEKRISTENAN,EX,1,70000,100,70000,0,GIFT 10 PERTANYAAN,,,
1798,7/1/2024,J.01.2407.0066,CASH,7/1/2024,KARUNIA ROHANIKA SILALAHI,0,0,0,0,,,9.78624E+12,9.78624E+12,7 MYTHS ABOUT SINGLENESS (7 MITOS TENTANG HIDUP SEBAGAI LAJANG),EX,1,60000,100,60000,0,GIFT 7 MYTH,,,
1801,7/1/2024,J.01.2407.0069,CASH,7/1/2024,VANIA CLARISA FANGGI,0,0,0,0,,,9.78624E+12,9.78624E+12,HOW TO FIND GOD (BAGAIMANA MENEMUKAN ALLAH),EX,1,62000,100,62000,0,GIFT HTF,,,
1802,7/1/2024,J.01.2407.0070,CASH,7/1/2024,CHRISTYDAR PERMATA BELLA AYUNDA,0,0,0,0,,,9.78624E+12,9.78624E+12,7 MYTHS ABOUT SINGLENESS (7 MITOS TENTANG HIDUP SEBAGAI LAJANG),EX,1,60000,100,60000,0,7 MYTHS GIFT,,,
1804,7/1/2024,J.01.2407.0072,CASH,7/1/2024,OBED CHRISTIAN SARTONO,0,0,0,0,,,9.78624E+12,9.78624E+12,10 PERTANYAAN YANG HARUS DITANYAKAN (DAN DIJAWAB) OLEH SETIAP REMAJA TENTANG KEKRISTENAN,EX,1,70000,100,70000,0,GIFT 10 PERTANYAAN,,,
1959,7/8/2024,J.01.2407.0054,CASH,7/8/2024,CHICI (GA),0,0,0,0,,,9.78624E+12,9.78624E+12,7 MYTHS ABOUT SINGLENESS (7 MITOS TENTANG HIDUP SEBAGAI LAJANG),EX,1,60000,100,60000,0,GIVE AWAY,,,
2208,8/1/2024,J.01.2408.0350,CASH,8/1/2024,JOHN ZHENG (TMAI JAKARTA),0,0,0,0,,,9.78624E+12,9.78624E+12,OUR AWESOME GOD (ALLAH KITA YANG LUAR BIASA),EX,100,65000,100,65000,0,FREE,,,
2225,8/5/2024,J.01.2408.0012,CASH,8/5/2024,KRISTANTO EDI SASONO,0,0,0,0,,,9.78624E+12,9.78624E+12,TETAP SEGAR DI TENGAH RUTINITAS REVISI,EX,1,70000,100,70000,0,FREE ENDORSEMENT,,,
2464,8/20/2024,J.01.2408.0129,1 HARI,8/21/2024,REC GALAXY,0,0,0,0,,,9.78624E+12,9.78624E+12,THE SACRED SEARCH 2.0,EX,2,75000,100,75000,0,FREE,,,
2696,9/12/2024,J.01.2409.0051,CASH,9/12/2024,JEFFREY SIAUW,0,0,0,0,,,9.78624E+12,9.78624E+12,DARI PEGUNUNGAN KARMEL HINGGA LAUTAN HINDIA,EX,1,0,20,0,0,WAHANA,,,
3011,10/10/2024,J.01.2410.0069,CASH,10/10/2024,JOHN ZHENG (TMAI JAKARTA),0,0,0,0,,,9.78624E+12,9.78624E+12,OUR AWESOME GOD (ALLAH KITA YANG LUAR BIASA),EX,20,65000,100,65000,0,FREE,,,
3428,11/24/2024,J.01.2411.0229,CASH,11/24/2024,2411268SEN039C NOVENAGISELA,541200,0,0,541200,,,2.02411E+11,2.02411E+11,RENUNGAN NATAL DARI CHRISTIANITY TODAY: MASA UNTUK TAKJUB,EX,1,50000,100,50000,0,SHOPEE,,,
3490,11/28/2024,J.01.2411.0186,CASH,11/28/2024,(GRAMI) KEZIA ENDHY,0,0,0,0,,,9.78624E+12,9.78624E+12,LEARNING TO HOLD: AFTER MARRIAGE,EX,0,70000,30,21000,0,PAKAI BUAT TRANSAKSI LAIN,,,
3551,12/4/2024,J.01.2412.0046,1 HARI,12/5/2024,RAY BURTON,0,0,7000,7000,,,PERSPECTIVESSG,PERSPECTIVESSG.1,PERSPECTIVES STUDY GUIDE,EX,1,0,,0,0,WA PERS SG,,,
3556,12/4/2024,J.01.2412.0058,CASH,12/4/2024,INV/20241204/MPL/4321324127 JESSICA,312000,0,0,312000,,,PERSPECTIVESSG,PERSPECTIVESSG.1,PERSPECTIVES STUDY GUIDE,EX,1,0,,0,0,TOKPED PERS SG,,,
3581,12/6/2024,J.01.2412.0100,CASH,12/6/2024,INV/20241206/MPL/4325369858 BENITA THEDA,0,0,0,0,,,978-602-1302-30-9,978-602-1302-30-9.1,THE EMOTIONALLY HEALTHY LEADER (PEMIMPIN YANG SEHAT SECARA EMOSI),EX,0,80000,,94500,0,SHOPEE,,,
3624,12/7/2024,J.01.2412.0235,CASH,12/7/2024,2412052CYDXM29 JESICAWAHONGAN,171380,0,0,171380,,,2.02411E+11,2.02411E+11,RENUNGAN NATAL DARI CHRISTIANITY TODAY: MASA UNTUK TAKJUB,EX,1,50000,100,50000,0,SHOPEE,,,
3705,12/9/2024,J.01.2412.0294,1 HARI,12/10/2024,BAPAK DONATUS,0,0,54500,54500,,,PERSPECTIVESSG,PERSPECTIVESSG.1,PERSPECTIVES STUDY GUIDE,EX,1,0,,0,0,WA PERS,,,
3740,12/12/2024,J.01.2412.0195,CASH,12/12/2024,PS. MICHAEL CHRISDION,0,0,0,0,,,9.78624E+12,9.78624E+12,KALIBRASI HATI (LIBERTY IN THE GOSPEL),EX,50,110000,100,110000,0,FREE PENULIS,,,
3796,12/23/2024,J.01.2412.0287,CASH,12/23/2024,ELISHA GRACIA HUANG (UP. MS LIN),0,0,0,0,,,9.78624E+12,9.78624E+12,THE SACRED SEARCH 2.0,EX,1,75000,100,75000,0,LION REG PACK PACK (KUPON 100K),,,
